index,id1,id2,text1,text2,distance
0,534,937,無断データで、データ元と競合する生成 AI 開発するのは不当な権利の侵害行為に該当します。,無断データで、データ元と競合する生成 AI 開発するのは不当な権利の侵害行為に該当する,0.0030734625603742183
1,549,1000,無断に作成したデータで、データ元と競合する生成 AI 開発するのは不当な権利の侵害行為に該当する。,Cluster #0,0.011307041252117567
2,601,724,声優の声を無断で 449 キャラ、36 万音声ファイル、合計 581 時間、343GB ゲームからぶっこぬき、ばら撒いて声優のコピーを作ろうとしている動きがあるが、そういう無断データで、データ元と競合する生成 AI 開発するのは不当な権利の侵害行為に該当する,声優の声を無断で 449 キャラ、36 万音声ファイル、合計 581 時間、343GB ゲームから取得し、ばら撒いて声優のコピーを作ろうとしている動きがある無断に取得したデータで、データ元と競合する生成 AI 開発するのは不当な権利の侵害行為に該当する,0.014226729919916692
3,299,318,デジタルイラストを描く者として、まず AI に無断で学習させることに問題がないのか多くの方に考えて頂きたいと思っています。作風の模倣は人であれ AI であれ問題があるのはわかりやすいと思いますが、学習とはいえ無断使用であり野放しにしておいていいものなのか是非多くの方に考えて頂きたいです。自分の成果物が無断で使用されることがわかっていたら、だれも本気で作ろうと思わなくなると思います。,デジタルイラストを描く者として、まず AI に無断で学習させることに問題がないのか多くの方に考えて頂きたいと思っています。作風の模倣は人であれ AI であれ問題があるのはわかりやすいと思いますが、学習とはいえ無断使用であり野放しにしておいていいものなのか是非多くの方に考えて頂きたいです。自分の成果物が無断で使用されることがわかっていたら、だれも本気で作ろうと思わなくなると思います。例え完全には抑制できないとしても、無断学習は問題があると定められるだけでも私は創作意欲を失わずに活動していける助けになると思っています。,0.017619573015944634
4,583,652,このままいけば自分達が投稿した自撮り写真が悪意ある生成 AI 利用者により無断で学習され性的描写やグロや残酷描写に使用されてそれを金銭等の強要・強請のネタにされ、更に上記の描写の生成 AI イラストによって身も蓋も無い誹謗中傷や批判の嵐のネタにされプライバシーの侵害や名誉毀損の被害に遭う可能性が大きくなると思います。したがってこの素案に反対します。,自分達が投稿した自撮り写真が悪意ある生成 AI 利用者により無断で学習され性的描写やグロや残酷描写に使用されてそれを金銭等の強要・強請のネタにされ、更に上記の描写の生成 AI イラストによって身も蓋も無い誹謗中傷や批判の嵐のネタにされプライバシーの侵害や名誉毀損の被害に遭う可能性が大きくなると思います。,0.019208788254040265
5,288,742,データ元と競合する生成 AI 開発するのは不当な権利の侵害行為に該当する,無断データでデータ元と競合する生成 AI 開発するのは不当な権利の侵害行為に該当すると思います,0.025949843687149032
6,278,286,現在政府が推進している生成 AI のデータセットには、世界中のアーティストの作品が無断で取り込まれており、作品が取り込まれている作家たちのリストも実際にインターネット上に公開されている。その上で正当な被害を訴えただけの被害者たちは、なぜか蔑称としての名前で呼ばれている。人のものを無断で盗んでいる犯罪者も同然の者達から、なぜか犯罪者呼ばわりされているのだ。また、単に犯罪者呼ばわりされているだけならまだマシで、実際は被害者たちのもとに生成 AI 推進派たちから住所を特定してやる、メンタルを破壊して筆を折ってやるなどの脅迫や殺害予告が届く、被害者の絵柄を用いて自殺教唆を仄めかす画像を生成するなどの度の過ぎた嫌がらせは日常茶飯事だ。生成 AI 推進派たちが言うには「日本の先端技術の向上に貢献するためならお前らの苦しみなど知った事か」とのことだが、実際はその先端技術向上すらどうでもよく、単に自分たちが他の者に力を誇示するための道具を努力せずに手に入れたいだけにすぎないのだ。「絵が描けない人にも配慮しろ」「絵師の特権意識」などと支離滅裂な発言をしている人物たちが、友達と遊んだりゲームをしたりのんびり休憩したり惰眠を貪ったりすることに人生を費やしている間にも、アーティストたちはずっと作品制作に時間を注いできたのだ。つまりアーティストにとって自分の絵は自分の人生そのものである。絵を描くために何の努力もしていない人間が絵を描けないのは至極当然の事であるのに、自身の努力不足を認められず、努力もせず、それでも栄光は欲しい、だから努力をした人間から成果だけ奪えば自分も栄光が掴めるはずだ、などちゃんちゃらおかしなことである。政府が推し進めている生成 AI 事業の政策によって我々アーティストが受けたのは決して恩恵ではなく、殺人予告や名誉棄損など多大なる被害のみだ。それでいて政府は我々アーティストを苦しめるだけ苦しめておいて、アーティストたちが今までに作り上げた恩恵だけは掠め取ろうとクールジャパン戦略など訳の分からない事をほざいている。そのようなことがまかり通るはずがない。しかし、これほどまでに矛盾した非人道的でおかしな状況にも関わらず、生成 AI 推進派は「絵師の感情論」などと言って問題に向き合おうとしない。では、児童ポルノ問題に対してはどう言及するつもりなのだろうか。現在政府が推進している生成 AI のデータセットには大量の児童ポルノが含まれている。この事実はある程度生成 AI の情報を追っている者からすれば周知の事実だが、前回のパブリックコメントではデータセット内に児童ポルノが含まれている点に言及している箇所だけ綺麗に削り取られているという SNS での投稿があった。つまり政府も、己が推進している生成 AI 事業が大量の児童ポルノで成り立っている事実を知った上であえて黙認し、その事実をもみ消していることになる。言うまでもないがこれは「絵師の感情論」でもなんでもなく、立派な犯罪である。日本でも近年児童への性加害が問題視されているが、海外ではそんなものは比にならないほどに厳しく規制されている。そのような犯罪の事実を政府がもみ消しておいて、海外向けにクールジャパン戦略などを進めて成功すると本気で政府が思っているのなら、それは大きな誤りであると言わざるを得ない。,【項目名】４．関係者からの様々な懸念の声について現在政府が推進している生成 AI のデータセットには、世界中のアーティストの作品が無断で取り込まれており、作品が取り込まれている作家たちのリストも実際にインターネット上に公開されている。その上で正当な被害を訴えただけの被害者たちは、なぜか蔑称としての名前で呼ばれている。人のものを無断で盗んでいる犯罪者も同然の者達から、なぜか犯罪者呼ばわりされているのだ。また、単に犯罪者呼ばわりされているだけならまだマシで、実際は被害者たちのもとに生成 AI 推進派たちから住所を特定してやる、メンタルを破壊して筆を折ってやるなどの脅迫や殺害予告が届く、被害者の絵柄を用いて自殺教唆を仄めかす画像を生成するなどの度の過ぎた嫌がらせは日常茶飯事だ。生成 AI 推進派たちが言うには「日本の先端技術の向上に貢献するためならお前らの苦しみなど知った事か」とのことだが、実際はその先端技術向上すらどうでもよく、単に自分たちが他の者に力を誇示するための道具を努力せずに手に入れたいだけにすぎないのだ。「絵が描けない人にも配慮しろ」「絵師の特権意識」などと支離滅裂な発言をしている人物たちが、友達と遊んだりゲームをしたりのんびり休憩したり惰眠を貪ったりすることに人生を費やしている間にも、アーティストたちはずっと作品制作に時間を注いできたのだ。つまりアーティストにとって自分の絵は自分の人生そのものである。絵を描くために何の努力もしていない人間が絵を描けないのは至極当然の事であるのに、自身の努力不足を認められず、努力もせず、それでも栄光は欲しい、だから努力をした人間から成果だけ奪えば自分も栄光が掴めるはずだ、などちゃんちゃらおかしなことである。政府が推し進めている生成 AI 事業の政策によって我々アーティストが受けたのは決して恩恵ではなく、殺人予告や名誉棄損など多大なる被害のみだ。それでいて政府は我々アーティストを苦しめるだけ苦しめておいて、アーティストたちが今までに作り上げた恩恵だけは掠め取ろうとクールジャパン戦略など訳の分からない事をほざいている。そのようなことがまかり通るはずがない。しかし、これほどまでに矛盾した非人道的でおかしな状況にも関わらず、生成 AI 推進派は「絵師の感情論」などと言って問題に向き合おうとしない。では、児童ポルノ問題に対してはどう言及するつもりなのだろうか。５．各論点について（１）学習・開発段階現在政府が推進している生成 AI のデータセットには大量の児童ポルノが含まれている。この事実はある程度生成 AI の情報を追っている者からすれば周知の事実だが、前回のパブリックコメントではデータセット内に児童ポルノが含まれている点に言及している箇所だけ綺麗に削り取られているという SNS での投稿があった。つまり政府も、己が推進している生成 AI 事業が大量の児童ポルノで成り立っている事実を知った上であえて黙認し、その事実をもみ消していることになる。言うまでもないがこれは「絵師の感情論」でもなんでもなく、立派な犯罪である。日本でも近年児童への性加害が問題視されているが、海外ではそんなものは比にならないほどに厳しく規制されている。そのような犯罪の事実を政府がもみ消しておいて、海外向けにクールジャパン戦略などを進めて成功すると本気で政府が思っているのなら、それは大きな誤りであると言わざるを得ない。,0.02672258423217233
7,1001,1005,Cluster #1,Cluster #5,0.030399808168787068
8,701,766,私は現役で漫画家、イラストレーターをしております。十数年この仕事で生きてきました。生成 AI で絵柄盗まれ簡単に出力できるようになり絵を好きでもない人がお金稼ぎのために利用しています。お金を稼ぐのはいけないことではありません。ですが仕事として私達本業はトレース問題や使用禁止の素材に考慮したり現実に存在する機械や生き物、建物や人間この世界に存在するものを参考にないものを生み出したりあるものを正しく描いてきましたが絵を好きでもない方が仕様する際この一切を考慮せず絵をただただ消費します。また、AI を使用したことを隠す人も多くその結果AI を利用したイラストを企業が知らずに使用し著作権侵害となり取り下げが必要になるなど被害が出るため AI で人のものを盗んで楽した結果余計面倒が増えます。だって出力する人は絵のことを何も知らないから。誰かの著作物がそのまま出力されても見抜く目を持ちません。私は幼稚園の頃イラストを描いて周りの人が喜んでくれたことをきっかけにこの仕事につきました。イラストは私の生き様です。ですが今は誰かのイラストを見るのも AI なのか疑ってしまうし自分の絵も AI と疑われてしまわないか余計な心配ばかりで描くのも見るのも億劫です。政府がクールジャパンなどで盛り上げに使っている作品やクリエイターいますが今後そのような素晴らしい作品やクリエイターが生まれてくる可能性を殺すことになりませんか？クリエイターを守る選択をしてください。著作権は絵柄にないと言いますが、だからといって明らかに無断でデータに利用されてそれを使った AI がはびこるのはおかしいです。絵柄になくても絵にはあるのに ごちゃまぜにしてキメラにしてしまえば許されるなんておかしい。そんなのゲロと一緒です。,6 最後に私は現役で漫画家、イラストレーターをしております。十数年この仕事で生きてきました。生成 AI で絵柄盗まれ簡単に出力できるようになり絵を好きでもない人がお金稼ぎのために利用しています。お金を稼ぐのはいけないことではありません。ですが仕事として私達本業はトレース問題や使用禁止の素材に考慮したり現実に存在する機械や生き物、建物や人間この世界に存在するものを参考にないものを生み出したりあるものを正しく描いてきましたが絵を好きでもない方が仕様する際この一切を考慮せず絵をただただ消費します。また、AI を使用したことを隠す人も多くその結果AI を利用したイラストを企業が知らずに使用し著作権侵害となり取り下げが必要になるなど被害が出るため AI で人のものを盗んで楽した結果余計面倒が増えます。だって出力する人は絵のことを何も知らないから。誰かの著作物がそのまま出力されても見抜く目を持ちません。私は幼稚園の頃イラストを描いて周りの人が喜んでくれたことをきっかけにこの仕事につきました。イラストは私の生き様です。ですが今は誰かのイラストを見るのも AI なのか疑ってしまうし自分の絵も AI と疑われてしまわないか余計な心配ばかりで描くのも見るのも億劫です。政府がクールジャパンなどで盛り上げに使っている作品やクリエイターいますが今後そのような素晴らしい作品やクリエイターが生まれてくる可能性を殺すことになりませんか？クリエイターを守る選択をしてください。著作権は絵柄にないと言いますが、だからといって明らかに無断でデータに利用されてそれを使った AI がはびこるのはおかしいです。著作権は現行絵柄になくても絵にはあるのに ごちゃまぜにしてキメラにしてしまえば許されるなんておかしい。そんなのゲロと一緒です,0.041553668428384594
9,145,806,生成 AI のネットに上がっている画像全てを学習元としてイラストなどを生成するシステムは十分著作権の侵害にあたるかと思いますし、特定の誰かの絵を読み込ませてその画風でイラスト生成をする事例が沢山上がっています。やられた方はもちろん不愉快ですし心的金銭的被害を被る事になります。また生成 AI の是非はともかくとして、悪用する人間が多すぎる為、生成 AI を推進していく行為には反対です。あまり生成 AI に明るくない人たちが著作権も何も考えずフランクに使ってしまえる現状はとても健全とは言えませんし、脅威でしかありません。また生成 AI に肯定的なのが既に有名な作家であったり昔名を馳せた絵描きなどある程度の年齢層の方に多いように見受けられます、生成 AI に対する不勉強もあるとは思いますが、彼らは良いかもしれませんが若いまだこれからの創作者達の芽を摘む原因に生成 AIはなり得ると考えます。あのようにプロンプトを書き込み簡単に複雑な絵を出力出来る、安易に著作権侵害をする者がいる現状を見て心を折る人たちは現在でもいる状況です。海外からの信頼も無くす行為だと思われます。生成 AI を容認している国だと思われれば、その国の作家たちも著作権に関して大変無頓着であり、仕事の依頼にも生成 AI を使われかねない、使われている可能性を考えられ海外からの仕事も激減する可能性も大いにあるかと思います。クリエイターを大事にしている国であればあるほど、生成 AI を容認する国を警戒するでしょう、そのような事になっては日本のクリエイターの活躍の場が狭まり、不名誉なレッテルを貼られ、やはり筆を折らざるを得ない状況に追い込まれてしまいます。それは日本の経済的な損失でもあると考えます。が AI を上手に使っていくなどと生成 AI を前向きに捉え推進していく姿勢を拝見しましたが、やはりお年を召された方ほどそのような傾向にあるかと見受けられます、若い世代、現在現役の作家、目指す人それを支える人達の意見にきちんと耳を傾けて頂きたい限りです。日本のクリエイター達の信用を落とし、悪用する者たちが少しでも減って行くよう生成 AIの規制をいち早くお願いしたい所存です。,AI 生成などは著作権法違反に当たると私は思います例として画像生成の AI だと、元にされた画像などには著作権があるのは当然ですがそれを貶めるようなことをしているような使い方をしている人や、学習禁止と絵描き様側が言われているのに AI に取り込んで使ってたりする人も居ます。絵を描かれたりされている方への侮辱であり大変失礼にあたる行為です。絵描きの方々のことを考えても AI 生成物を一般公開する行為などは著作権法違反になると思います,0.04956212089300649
10,226,1007,既存の作品を無断で使用したデータでデータ元と競合する生成 AI 開発するのは不当な権利の侵害行為に該当する,Cluster #7,0.054607519434885954
11,617,845,3.生成 AI の技術的な背景について(1)生成 AI について(ウ)の、「生成 AI では、入力された指示を情報解析し得られた結果と、その生成 AI が学習したパターンやルール、傾向等に基づき、生成物を生成することとなる。この際の生成については、通常、学習データの切り貼りではないとされる」とありますが、生成 AI 生成物に企業ロゴ、サイン、版権キャラクター等が意図せず出てしまう点で切り貼りである思います。,３．生成 AI の技術的な背景について（10～）＞（１）生成 AI について＞ウ 生成 AI が生成物を生成する機序の概略 の内容について生成 AI では、入力された指示を情報解析し得られた結果と、その生成 AI が学習したパターンやルール、傾向等に基づき、生成物を生成することとなる。この際の生成については、通常、学習データの切り貼りではないとされる。「学習データの切り貼りではない」すでに世に出回っている生成 AI のほとんどの学習元が膨大な量の無断転載（クリエイターの許可なく創作物を他人がアップロード）がなされているサイトであり、そこへさらに第三者が任意のワードや新たな素材を学習させることでコントロールしている状態です。この場合は学習元の許可なくアップロードした者と学習元であるクリエイターの存在を特定することすら不可能であり、不可能だというだけで「切り貼りではない」と断言するのは全くもっておかしい話です。許可しているクリエイターもいるかもしれませんが、そもそも利用されていることを知らないクリエイターもいるかもしれません。自分の権利が侵害されていることを知らない人のことはどうでもいいんですか？享受目的・非享受目的である以前に「自分の創作物が許可なく、全く面識のない他人によって利用されている」こと自体が権利を侵害している状態であるとクリエイターたちは感じています。また、特定のクリエイター（有名なイラストレーターや映像作家など）の作品を多数読み込ませてそのクリエイターの創作物だと感じさせるものを生成されることは、その人への印象操作に繋がりかねません。実際に作ってはいないのに「あの絵を描いた人でしょう」「あの映像を作った人でしょう」と噂されるのはいい気分ではありません。ちなみに現在私が知っている限りの有名どころの生成 AI である NovelAI や Nijijourney、Midjourney などはすでに享受目的で運用されていると思います。非享受目的の生成 AI がそもそも存在しますか？さらに、現在生成 AI を利用している人々は個人の娯楽の範囲である人も多いでしょうが、目立つのは悪意のある人です。上記に書いたような、特定の人物に悪い印象を植え付けさせるようなもの、全く別の人物同士を組み合わせた画像（海外ではすでに、自撮りや家族写真など、いたって普通の人物写真に裸体を組み合わせた画像での事件があるという噂もあります）を生成したり、「他人の創作物の切り貼りでしかない、何の苦労もせず責任も感じず作り上げたもの」を生成し、あげくそれらを使って商売を行ったり、人々が自分の創作物を見せ合うサイトなどに投稿し多数の人間に不快な思いをさせるなど、生成 AIで悪事を働く人間が絶えませんし、国の方針次第ではそれに便乗してこの後も増加するかもしれません。私は、個人で扱う範囲、例えばクリエイター自身が「生成 AI に自分に足りない技術を補ってもらい、スキルアップに繋げる」目的で利用する、クリエイターでない人が第三者が不愉快にならない範囲で（曖昧ですが一般的に嫌悪感を抱く生成物を作らない、誰かが不利益を被る目的で運用しない）利用するのであれば、利益のあるものとして認識できます。しかし、どのような物事でもそうですが悪意を持ってそれらを運用する人間が多いこともまた事実であり、利益を重視するあまり個々の人間の権利を軽視することになるのは絶対に嫌です。もうすでに実際にクリエイターたちは自分たちの権利が他者に侵害されている状態だと感じています。５．各論点について＞（１）学習・開発段階＞【著作権者の利益を不当に害することとなる場合について】＞（イ）アイデア等が類似するにとどまるものが大量に生成されることについて＞作風や画風といったアイデア等が類似するにとどまり、既存の著作物との類似性が認められない生成物は、これを生成・利用したとしても、既存の著作物との関係で著作権侵害とはならない。「あなたの創作物を学習させてあなたの作風に似せたものを作ったけどあなたがまだ作っていない構図だからこれは私の作品です」ということですよね？おかしいと思わないんですか。A さんが何年もかけて磨いてきた技術を B さんに横取りされて作られたものを国が「これは B さんの著作物です」と認めてるんですよ。＜AI 利用者の懸念＞すべてに「それはクリエイターが権利を侵害されたと感じることを無視してでも守られるべき権利か？」と言いたいです「努力せずに作品を作って世に出しているのではないか」はその通りです。AI 利用者が一時間、あるいは数日かけて出力した作品の元には、それと比べ物にならないぐらいのクリエイターたちの膨大な時間が踏み台にされています,0.05644153677302188
12,866,867,絵は時間と経験で描かれた「所有者の財産」であり、他者の使用は依頼、購入、容認で成り立ちます。ですが「生成 AI の法律がまだ無い」ことで、生成 AI による学習元イラストと酷似した生成物の無断投稿、販売が非常に多く横行してます。AI 学習は学習元の権利者が許諾した作品からの学習に制限をし、学習元として作品を使用する場合は、学習元作品の権利者が必ず AI 学習使用料を受け取れる仕組みを確立してください。著作権法違反は AI にも必ず適応するべきです。,絵は時間と経験で描かれた「所有者の財産」であり、他者の使用は依頼、購入、容認で成り立ちます。ですが「生成 AI の法律がまだ無い」ことで、生成 AI による学習元イラストと酷似した生成物の無断投稿、販売が非常に多く横行してます。,0.05684486363984853
13,777,1012,絵というものは個人個人が努力し積み上げてきた時間と経験により制作された「所有者の財産」であり、他者が使用する場合作者に依頼しそれを購入したり、作者の意向により容認されることで使用ができます。ですが「生成 AI の法律がまだ無い」ことにより、生成 AI による学習元イラストと酷似した生成物の無断投稿、販売が非常に多く横行してます。これは絵だけの問題ではなく、人やペットの写真なども無断で学習させ、他者のプライバシーの侵害になるような使用も横行する可能性が高いです。AI 生成は推進すべきものではないと考えます。,Cluster #12,0.06430905070194515
14,731,944,AI 学習については、著作者の許可がなければ著作権法違反になるようにしなければならないと思います。誰かが作ったものを第三者が無断で AI に学習させ、その生成物を含む作品、またその生成物を加工したものを含む作品を自分の作品として投稿や販売などをするのは、間違いなくその作品の著作権を侵害するものだと思います。著作者が作品にかけた時間や創作的な工夫を盗んでいる事と変わりません。これがまかり通れば、あらゆるジャンルで、創作活動は AI 生成物に荒らされ、めちゃくちゃになってしまうと思います。どうか、AI 学習は著作者の許可制にして下さい。よろしくお願いします。,誰かの著作物を無断で使用し、AI に学習させるのは禁止にした方がいいと思います。人から作品を盗み、生成 AI を使ってでしか何かを生み出せないような人たちから、クリエイターを守ってください。生成 AI の作品は凡そクリエイターが生み出したものを盗んで出力したものに過ぎません。どんなものであろうと著作権侵害です。「学習」といえば聞こえはいいですがやっている事は「泥棒」です。「著作権フリー」として出されている作品以外はクリエイターの所有物ですよね？生成 AI や生成 AI を使う人の著作権侵害からクリエイターを守ってください。お願いします。,0.0665868840872692
15,470,581,5.各論点について(1)学習・開発段階エ 著作権者の利益を不当に害することとなる場合の具体例について・「著作物の利用市場において著作物に類似する AI 生成物が大量に氾濫し、著作物の販売や著作物の作成の請負業務が阻害される事態は、著作物の対価回収の機会を損ない、「著作権者の利益を不当に害することとなる場合」に該当し得る」ことを明記すべきです。著作物の利用市場において著作物に類似する AI 生成物が大量に氾濫することは、著作権者にとって海賊版被害による機会損失と同様の事態であり、著作物の対価回収の機会を損なうものです。著作権法第 30 条の 4 ただし書の「著作権者の利益を不当に害することとなる場合」は、「著作権者の著作物の利用市場と衝突するか，あるいは将来における著作物の潜在的市場を阻害するかという観点から」判断されるとしています。著作物の利用市場において、著作物に類似する AI 生成物が大量に氾濫することは、著作物の利用市場と衝突し、著作物の販売や著作物の作成の請負業務が阻害されることは自明でしょう。今後の実態調査により、著作物に類似する AI 生成物が利用市場に大量に氾濫することにより、実際に著作権者の著作物の売上や著作物の作成の請負業務の報酬が減少し、著作権者に機会損失の実害が発生したことが明らかになる可能性は十分にあり得るでしょう。このような状況において、著作権者の許諾なく著作物を使用して類似する生成物を生成し、著作物の利用市場に氾濫させる行為は、著作権者の利益を不当に害していると言えるでしょう。これらのことは、著作物が違法にアップロードされた海賊版サイトによる著作権侵害の被害において、「海賊版サイトが存在しなければ著作物が購入されたであろう金額」等を算定して、著作権者が被った機会損失の被害額を推計する方法と同様の考え方であり、この方法を用いて、AI 生成物が著作物の利用市場に氾濫することにより著作権者が被った機会損失の被害額を推計することも可能でしょう。データベース云々は著作権法第 30 条の 4 の条文には存在せず、あくまで文化庁の解釈による例示に過ぎないのであって、データベースの存在を「著作権者の利益を不当に害することとなる場合」の前提とすることは明確に誤りです。海賊版被害における著作権者の機会損失の推計の考え方を用いて、「著作権者の許諾を得ずに著作物を生成 AI で使用して生成された類似性のある生成物が著作物の利用市場に氾濫することによる著作権者の機会損失の被害額」を推計し、著作権者が実害を被っていることを明らかにすることが必要です。著作物に類似する AI 生成物が著作物の利用市場に氾濫することによる著作権者の機会損失の被害を認定することを前提として、「著作権者の利益を不当に害することとなる場合」の法解釈を再検討すべきでしょう。実際に、イラストレーターの著作物を無断で生成 AI で使用して類似性のある生成物を生成する学習済モデルが学習済モデル配布サイト上で無断で配布されている事案が発生しており、もし、この学習済モデルによる生成物を享受することで、学習データ元となる著作物を購入せずに済ませることになった場合には、本来は著作物の購入に支払われるべきだったはずの対価を著作権者が受け取ることができなくなったことになります。これは海賊版被害における著作物の違法ダウンロードによる著作権者の機会損失と同様の機序であり、著作権者にとって明確な機会損失であり、著作物の対価回収の機会を損ない、「著作権者の利益を不当に害することとなる場合」に該当するものでしょう。また、ゲーム会社の広告において漫画家のイラストに類似するイラストが使用されており、多くの人々が類似性を指摘する中で、漫画家が弁護士に対応を相談し、広告の取り下げで和解に至った事案も発生しています。もし、著作権者の著作物のイラストを無断で生成 AI で使用して著作物に類似する生成物を広告に使用した場合には、当該広告のイラストの作成において本来は著作権者が著作物の作成の請負業務によって受け取るべきだったはずの報酬が支払われなかったことになり、これは著作権者にとって明確な機会損失であり、著作物の対価回収の機会を損ない、「著作権者の利益を不当に害することとなる場合」に該当するものでしょう。上記の事例のように、著作権者の許諾なく著作物を生成 AI で使用した生成物を、著作物の利用市場で配布して著作権者が著作物の販売で受け取るべきだったはずの対価を支払わずに済ませる行為や、著作権者が著作物の作成の請負業務によって受け取るべきだったはずの報酬を支払わずに広告等に使用する行為は、著作物の対価回収の機会を損ない、「著作権者の利益を不当に害することとなる場合」に該当するものでしょう。,5.各論点について(1)学習・開発段階エ 著作権者の利益を不当に害することとなる場合の具体例について法第 30 条の 4 のただし書への該当性にあたり、著作権者の利益を不当に害する場合についてを、著作物の利用市場の衝突や潜在的販路の阻害等として挙げられているが、金銭的利益だけでなく、様々な側面から不当な利益の阻害が考えられる。あるイラストレーターの例では、無断で作品を AI へと入力され、似た絵柄で生成物の作成を行われていた。また AI 生成者はこれを使用しイラストの販売などを行い、金銭的利益の阻害も行われていた。イラストレーター側は AI の使用、作成を停止するよう伝えたが聞き入れられず、AI 作成側からは暴言、脅迫、殺人予告などが行われた。また、当該イラストレーター作品と似た、自殺を仄めかすような絵柄の生成物を投稿し、当該イラストレーターの評判を著しく毀損していた。イラストレーターは、今まで積み重ねてきた努力の結晶であり、自身の大切なアイデンティティのひとつであるイラストを他人に勝手に使用され、精神的に追い詰められ、現在通院治療を行っている。アメリカでは、有名政治家の音声を学習し、当該政治家の不利になるような電話を、その音声を使用して掛け、失脚を狙われていた。上記なのから AI への学習・利用により、その学習元の人間、著作権者を著しく名誉毀損し、精神的負荷をかけ、最悪の場合は自死などへ追い込む危険性があることもわかる。研究物、享受の目的の別を問わず、AI の使用・データ学習を行う際はその AI の使用者やデータ元を明確に開示する事、生成物には AI 生成物であると分かるように表示を義務付ける事、データ元の著作物性の確固たる保護が必要と考える。こういった法が機能しなければ、AI 使用者は他の不利益や損害を考えず、私利私欲を満たす者の使用が増え、それに嫌気がさしたデータ元となる著作物を開示する人間はいなくなり…と悪循環となることが予想される。こうなった場合、創作活動は種別を問わず衰退し、AI も発展性は望めない。今ある文化の確固たる保護という土台無しには AI の発展は望めないと考える。両方とも良い形で発展できる事を望む。(3)生成物の著作物性についてアメリカでの判決でもありますように、AI 生成物には著作物性は無いと思います。イ 3 に生成の試行回数、1(プロンプトの内容・量等)との組み合わせによっては著作物性が認められるとあるが、出力されたイメージは訓練により入力されたデータに基づくものであり、AI により創出されたものでは無い。このため出力された生成物には著作物性は認められないと考えられます。,0.06660175757614717
16,414,1002,・声優の声を無断で 449 キャラ、36 万音声ファイル、合計 581 時間、343GB ゲームから無断でぬきさり、ばら撒いて声優のコピーを作ろうとしている動きがあるが、「そういう無断データで、データ元と競合する生成 AI 開発するのは不当な権利の侵害行為に該当する・イラストレーターが長時間かけて研鑽した“絵柄”を公式非公式問わず無断使用し学習させ、さらに無断で有料無料問わず生成 AI を開発するのは不当な権利の侵害行為に該当する,Cluster #2,0.06899340987005109
17,441,545,「５．各論点について」内容「（３）生成物の著作物性について」についての意見となります。「指示が表現に至らないアイデアにとどまるような場合には、当該 AI 生成物に著作物性は認められないと考えられるが、単なる労力にとどまらず、創作的寄与となり得るものがある場合は、これがどの程度積み重なっているか等を総合的に考慮して判断されるものと考えられる」とありますが、現状における生成 AI による技術の概要は、入力された指示を元に学習されたデータを参照し、複合的に検出され出力されるものであると認識しています。即ち、AI 指示による生成はいかなる場合であっても創造的なものではなく、「検索によって資料を同時かつ複合的に参照した行為に近いもの」であり、「引用物」の扱いとして捉え、その範囲にとどめておくのが妥当であると考えています。故に創作的意図や創作的寄与、そしてその労力積み重ねに関わらず、創作的表現といえる直接的な加筆・修正がなければ、基本として「著作物性はない」という認識として捉えるものにすべきと考えており、「AI 生成物はあくまで引用物であることを徹底すること」こそが今後の AI 技術研究の発展と既存のクリエイターへの配慮の妥協的な方針ではないかと考えています。,５．各論点について（３）生成物の著作物性について （イ）・指示・入力（プロンプト等）の分量・内容についてAI の仕組みが単純なパッチワークではなく、パターンやルールを元に生成されるものであるとしても、出力される AI 生成物の根幹には学習元となる「作品のデータそのもの」が存在する以上、具体的な指示にあたる入力やプロンプトに創作的寄与があるとしても、入力の後に出力される生成物自体に著作物性が認められると考えるのは疑問を感じる。・AI 生成物への加筆修正について上述の意見と同様に生成物の根幹に学習元となるデータが存在する以上、生成物そのものを直接加筆・修正したものを 1 つの著作物として認められるのかには疑問を感じるクリエイターに無断で大量の作品が学習されている AI を個人が簡単に利用することができ、生成された AI に対して後手の対応しかとれない現在の環境で、AI 生成物の著作物性を認めるのは元データの 1 次創作者に対して大変不利なものなのではないかと思います。学習元データを確認しやすい状態で元データの 1 次創作者が生成物への意見を出しやすい環境が整って初めて著作物性を認めるかどうかを考えるべきなのではと思います。,0.06989774715455555
18,12,68,【項目名】５．各論点について（１）学習・開発段階エ【著作権者の利益を不当に害することになる場合の具体例について】-（エ）本ただし書に該当し得る上記（ウ）の具体例について（学習のための複製等を防止する技術的な措置が施されている場合等の考え方）に関する意見となります。「そのため、AI 学習のための著作物の複製等を防止する技術的な措置が講じられており、かつ、このような措置が講じられていること等の事実から～～」という項目は、法第 30 の 4 による権利制限を形骸化してしまうものと推察します。例としてデジタルアートを用いますが、mist といった学習阻害技術を用いた上で、著作者によって「この資料は将来販売します」と表明された場合、これは現状の文章を読む限り、権利制限の対象とはならないと推認できます。この項目を変更あるいは削除せずに採用する場合、我が国の AI 学習に多大なる負の影響を及ぼすことが考えられます。現状、AI 系のビッグテックが我が国に拠点を設けてようとしている点については、大抵の学習が合法であることに起因するのではないでしょうか。権利制限の条文が形骸化された暁には、我が国のアドバンテージは失われます。可能ならば、この文言は削除がよいのではないかと考えます。,５．各論点について（１）学習・開発段階エ 著作権者の利益を不当に害することとなる場合の具体例について（エ）本ただし書に該当し得る上記（ウ）の具体例について（学習のための複製等を防止する技術的な措置が施されている場合等の考え方）「他方で、AI 学習のための著作物の複製等を防止するための、機械可読な方法による技術的な措置としては、現時点において既に広く行われているものが見受けられる。こうした措置をとることについては、著作権法上、特段の制限は設けられておらず、権利者やウェブサイトの管理者の判断によって自由に行うことが可能である。」とあるが、著作権侵害の被害者となり得る側が対策コストを負わされるべきではない。「著作権者が反対の意思を示していることそれ自体をもって、権利制限規定の対象から除外されると解釈することは困難」とするのではなく、「AI 学習を許可している著作権者からの学習のみを可とする」となるよう法改正すべき。,0.07117960642657695
19,243,768,生成 AI と著作権について生成 AI は元となるデータがあり、使用者が入力した文章や単語に対して適したものを返すというものであるが、元となるデータが不透明な以上は使用する度に既存の著作物の一部を盗作しているようなものだと考える例えばあるイラストレーターが自分のイラストのみを学習させた AI であるならば自身の活動のために使っているものと断定できるが、現状の使われ方は他者が特定のイラストレーターの作品を学習させ、作っていないイラストを学習元のイラストレーターの作品のようにして活動の妨害をしたり、または不特定多数のイラストレーターを学習し生成したものを販売する行為が見られるこれでは既存の著作者にとって不利益であり、創作活動の縮小に繋がる恐れがあるまた、イラストでなくとも、音声の学習も可能であり、上記に類似したようなアーティストが歌っていない楽曲を歌わせたような動画も見られる著作権というのは独自性を持たなければならないと考えるため、生成 Ai が関与する作品に対して著作権を認めないことを願うしかし、全てを規制するのも難しいと思われるため、独自性を持たせる何か、例えばゲームのイラストに使用する場合はゲームの独自性が認められれば容認するなど、いくつかの販売が可能な例も必要と考える先日の芥川賞を獲得した生成 AI を利用した文学作品の例もあるため独自性が認められればそれも技術の発展の結果かもしれないしかしながら、SNS で頻繁に見られる生成 AI を使ったイラストというのは単体ではオリジナリティの欠片もなく、こちらは厳しく規制してもらいたい,現在の生成 AI は様々なデザイナー、小説家などからデータを学習したものを出力しています。現在の AI と著作権に関する問題としては、その方の許可は一切なく勝手に学習させることだと思います。それを AI 生成したのであることを言わずに自作であると偽る方もいらっしゃいます。また、その人の絵柄を使用してアダルトなイラストの生成などもあり、他にもグラビアアイドルやコスプレイヤーなどの写真が AI に学習され、裸にさせられていたりと、著作権だけでなく肖像権にも反する行為が見られています。生成 AI はデザインや修正案としての参考として利用するべきです。著作権者の財産をどう使うのかを生成 AI 使用者のモラルだけに委ねる現在の状況は、著作物の価値を下げています。実際に、生成 AI で作られるイラストの顔、通称「マスピ顔」は AI を使用していない作者に誹謗中傷が向けられた事例もあります。対策として、事前に許可をしている作家、小説家、グラビアアイドルなどのみの学習データを使用し、使用する範囲と規則を設定する必要があります。,0.07271380520072446
20,361,560,生成 AI で特定の版権物や特定の人の作風といった少数の学習元から作品を生成することは著作権侵害あたると考える。また特定の版権物や作風を生成することが目的でない生成AI も、AI を用いない創作の需要の低下などから間接的に、著作権者の利益を不当に害するものに当たると考える。生成 AI のように学習したデータが直接 AI の利用結果にかかわるものは、同意を得ていないデータを学習することは禁止すべきだと思う。,生成 AI について、生成後のデータの用途に関する同意を得ないまま、素材として無断学習し、個人の利用の範囲に収まらない利用(配布・公開・販売・譲渡)を行うことは学習元のクリエイターに損害を与える可能性が非常に高い。ましてや AI 生成物に著作権を付与するとなると、学習元に非常に酷似した生成物の著作権を認めるケースに発展し、学習元データ・生成プロセスの開示が義務でない以上、逆に学習元の著作者に対し権利侵害の疑いがかけられる可能性もあるため、悪意をもった AI活用を法で防ぐことが非常に困難となる。そのため AI 生成物の個人の利用の範囲に収まらない利用(配布・公開・販売・譲渡)についてはいかなる権利も付与するべきではないと考える。,0.07314811580111469
21,43,50,私はプロの漫画家です。現生成 AI は規制すべきです。〇現生成 AI は学習内容をプロンプト次第で誰でも出せてしまうことが一番の問題・個人の創作物を第三者がプロンプト次第で出せる今の AI は無断転載と変わりません。漫画村を行政は取り締まり潰した実績がありますが、今の AI はそれとほぼ同じようなものです。将来漫画やアニメもプロンプト次第でそのまま出てくるのではないでしょうか？AI 開発企業は盗人であり、無断転載をしている業者と大差がありません。〇無断転載ならば、現状の法律で訴えればいいという反論について・個人が裁判をすることは時間も金もかかり、非常にコストが高く、全く現実的ではありません。特に若者の所得は数百万程度です。これでどうやって戦えというのでしょうか？国家レベルで AI 規制をし、企業に圧力をかけるべきです。〇アンチ学習システム（Glaze）の登場最近、創作物を学習させると AI の挙動をおかしくさせるものが登場しています。この技術が発展し、広まれば世に出る創作物はほとんどまともに学習できなくなる可能性があります。この技術が浸透すると、手描きで作られた本物の創作物の価値が高まり AI 企業間でそれの奪い合いになることでしょう。そのとき規制をしっかりとしていなかった国は世界から信頼されず乗り遅れ、AI 後進国になる可能性が高いと考えています。このままだと日本は AI 競争に負ける可能性が非常に高いです。〇漫画家のプロである私は今の AI を信頼して使うことはできません私はプロの漫画家ですが、各企業で AI 使用が炎上しており、消費者は疑心暗鬼となりAI であることがバレると信頼を失う現象が起きています。プロであればあるほど、自分の作品に他人の著作物が入り込み信頼を損なうことを恐れ使えません。〇若手イラストレーターや画家が損をする現 AI 市場若手が新しく絵柄を作り自分の作風を構築しても、第三者が AI を通してほぼそのままの著作物を出されてしまうと、商売になりません。つまり、イラストを描く人口が減り、絵柄の進歩が衰退する恐れがあります。個人で AI 企業と契約し、本人だけが著作権をクリアした自分特化の学習データを使えるよう法整備すべきです。〇日本独自の AI 規制をひき若手クリエイターを守るべき日本の若い需要のあるクリエイターの画風を極度に学習させ、ほぼ同じ絵を出す OPENAI 企業に圧力をかけてください。日本人の著作物を世界中誰でも使え、販売できる今の現状は国益を大きく害しています。若いクリエイターにお金がいきわたらなければ、彼らは絵を描く時間を失い新しい絵柄や表現が出きなくなります。そして、本物のデータが減った日本は AI 競争に負け、文化面でも衰退していくことになるのではないでしょうか。,私はプロの漫画家です。現生成 AI は規制すべきです。●４．関係者からの様々な懸念の声について述べさせて頂きます。プロの方々の意見を聞き集約したものとなっています。この文を明記し忘れておりましたのでもう一度送ります、申し訳ありません。〇現生成 AI は学習内容をプロンプト次第で誰でも出せてしまうことが一番の問題・個人の創作物を第三者がプロンプト次第で出せる今の AI は無断転載と変わりません。漫画村を行政は取り締まり潰した実績がありますが、今の AI はそれとほぼ同じようなものです。将来漫画やアニメもプロンプト次第でそのまま出てくるのではないでしょうか？AI 開発企業は盗人であり、無断転載をしている業者と大差がありません。〇無断転載ならば、現状の法律で訴えればいいという反論について・個人が裁判をすることは時間も金もかかり、非常にコストが高く、全く現実的ではありません。特に若者の所得は数百万程度です。これでどうやって戦えというのでしょうか？国家レベルで AI 規制をし、企業に圧力をかけるべきです。〇アンチ学習システム（Glaze）の登場最近、創作物を学習させると AI の挙動をおかしくさせるものが登場しています。この技術が発展し、広まれば世に出る創作物はほとんどまともに学習できなくなる可能性があります。この技術が浸透すると、手描きで作られた本物の創作物の価値が高まり AI 企業間でそれの奪い合いになることでしょう。そのとき規制をしっかりとしていなかった国は世界から信頼されず乗り遅れ、AI 後進国になる可能性が高いと考えています。このままだと日本は AI 競争に負ける可能性が非常に高いです。〇漫画家のプロである私は今の AI を信頼して使うことはできません私はプロの漫画家ですが、各企業で AI 使用が炎上しており、消費者は疑心暗鬼となりAI であることがバレると信頼を失う現象が起きています。プロであればあるほど、自分の作品に他人の著作物が入り込み信頼を損なうことを恐れ使えません。〇若手イラストレーターや画家が損をする現 AI 市場若手が新しく絵柄を作り自分の作風を構築しても、第三者が AI を通してほぼそのままの著作物を出されてしまうと、商売になりません。つまり、イラストを描く人口が減り、絵柄の進歩が衰退する恐れがあります。個人で AI 企業と契約し、本人だけが著作権をクリアした自分特化の学習データを使えるよう法整備すべきです。〇日本独自の AI 規制をひき若手クリエイターを守るべき日本の若い需要のあるクリエイターの画風を極度に学習させ、ほぼ同じ絵を出す OPENAI 企業に圧力をかけてください。日本人の著作物を世界中誰でも使え、販売できる今の現状は国益を大きく害しています。若いクリエイターにお金がいきわたらなければ、彼らは絵を描く時間を失い新しい絵柄や表現が出きなくなります。そして、本物のデータが減った日本は AI 競争に負け、文化面でも衰退していくことになるのではないでしょうか。,0.07484610237041256
22,63,238,個人からの意見です。【項目名】1.はじめに2.検討の前提として(1)従来の著作権法の考え方との整合性について(2)AI と著作権の関係に関する従来の整理 3.生成 AI の技術的な背景について(1)生成 AI について(2)生成 AI に関する新たな技術 (3)AI 開発事業者・AI サービス提供者による技術的な措置について4.関係者からの様々な懸念の声について【この懸念の声について。現在生成 AI を使用して創作活動を行う者(以下 AI 絵師 とします)のデータボックスがブラックボックスと化していることが深刻な問題であることに留意するべきです。データボックスとは、生成される作品の元となる要素であり AI 絵師が活動を行う上で作風を決めるにあたり欠かせない要素です。その「生成される作品の元」とは大半において AI を利用せず生み出された作品を指しており、商業活動を行っているいわゆるプロの作品も含まれています。生活の基礎を自分の作品で賄っているプロから見てこれは重要な権利の侵害です。またデータボックスをブラックボックス化していることにより、これを開示できず裁判すら起こせないことについて重大な議論を呼んでいます。データボックスは開示されておくべきです。またこれにより AI 絵師は児童ポルノをデータボックスに配置し、海賊版を含むイラストのデータを読み込むことで児童ポルノを二次元化・収益に繋げるといったおぞましい仕組みにも繋がっています。実際に起こっていることです。データボックスは開示されておくべきです。】5.各論点について(1)学習・開発段階(2)生成・利用段階(3)生成物の著作物性について(4)その他の論点について6.最後に,【項目名】1.はじめに2.検討の前提として(1)従来の著作権法の考え方との整合性について(2)AI と著作権の関係に関する従来の整理(3)生成 AI の技術的な背景について(1)生成 AI について(2)生成 AI に関する新たな技術(3)AI 開発事業者・AI サービス提供者による技術的な措置について4.関係者からの様々な懸念の声についてしがない絵描きをしておりますが、文化庁 PDF の「生成・利用段階においては、生成と利用の場面それぞれで故意又は過失の有無について判断は異なり得ると考えられる。また、生成時の複製については私的利用等の権利制限規定の範囲内であったとしても、生成物の譲渡や公衆送信(SNS への掲載等）といった利用時には、権利制限規定の範囲を超える行為として、著作権侵害となる場合があるため留意が必要である。」が引っかかっております現在 SNS 上では生成 AI 等のタグ付けをしていない、生成したイラストの投稿が多くある事はご存知かと思いますしかし、絵描き、またはそれに関する人間以外には、生成 AI が出力した物と容易に見分けられないものばかりなのが現状です見紛うような生成した物が容易に投稿が出来る環境下で、どのように人間が描いたものか、AI によるものかを見分けるおつもりでしょうか企業のファンアートコンテスト等でも、AI が出力したものが受賞するなど問題になっております確実に迅速に第三者が判断する機能もない状態で、利用者の善意頼りな考えを示すのは些か軽率ではないでしょうかまた、どの論点に書くべきか迷ってしまった為こちらにて書かせて頂きますが、現状、特定の作家の画風を学習させ、類似品を大量に出回らせるユーザーが出てきております。中には自殺教唆を含めるような物や、ガイドラインにて許されていない二次創作を作成したり等悪質性が高いものがありますここ数年で生成 AI の精密性が上がり、人体やパースの狂いでやっと見分けている現状です悪質な生成 AI 利用者に特化学習され、知らない場所でイラストをばらまかれた場合、第三者には見分けがつかなくなるでしょう。悪魔の証明をする羽目になれば、クリエイターの作業時間は奪われるため、業務妨害に等しい所業ですクリエイターが全ての制作画像や動画などを保存している訳ではありません。容量や預け先の問題もありますが、万が一「自己責任で自衛しろ」となった場合、国がデータバンクを用意して下さるんでしょうか？5.各論点について(1)学習・開発段階(2)生成・利用段階(3)生成物の著作物性について(4)その他の論点についてPDF 全て拝見しましたが、13 ページ、4 関係者からの懸念の声、3 AI によりクリエイターの仕事が奪われることについてこの点が特に書かれていないことが気になります日本のアニメ産業史上は 3 兆円に迫る 2 兆 9277 億円と過去最高額となっています(引用:アニメ産業レポート 2023)クリエイターは一握り程度しか大成できませんが、アニメーションや背景などを支えているのは中小のクリエイターですアシスタント等の技術や文化の発展などが、生成 AI により空洞化するように思えてなりませんまた AI による生成は膨大な学習データからの復元であり、そこからの独自性の発展は無いと考えています。例え利用者がどれだけ指示を出そうと、AI が出力できるのは学習したデータからのみです6.最後に,0.07647189271543842
23,552,656,現在クリエイターの意思を無視した、無断利用の生成 AI が多く出回っているように感じます。生成 AI は画像、音声、動画、どれにしても使用された元データとデータの制作者をすべて明記した上で、制作者から許可が下りていないデータは著作権違反として、犯罪であるとしていただきたいです。許可の出されていない作品を無断で使用することは、盗品に等しいと思っています。犯罪として取り締まって欲しいです。,現状、生成 AI で他者の著作権を侵害しないものを生成するには利用者のモラルに任せるしかなく、現時点で悪意をもって特定のクリエイターの作品データを不正に入手(ネット検索等で表示されるものなど)、生成する利用者がいる時点で性善説は破綻していると思います。また、悪意なく生成 AI を利用する場合でも、生成に利用されるデータセットの多くはクリエイターから買い取ったものではなくネット上に表示されるものをそのまま使用していると思われるので、多くのクリエイターの著作権を侵害していることになります。AI技術における「学習と出力」とは、人間がおこなうそれとは全く異なる性質を持つものです。人間にとっての「学習と出力」とは知識を取り入れ、咀嚼し、それまで積み上げてきた自らの価値観などと練り合わせ、培ってきた技術をもって人生と命をかけて作り上げるものです。一方、AI 技術における「学習」とは先に述べたような、他者が人生をかけて作った大量の作品からただパターンを抽出しパズルのように並べるだけのものです。AI 技術そのものに罪はありませんが、利用されるデータセットが著作権を侵害している以上、悪意をもってその技術を使用する者がいる以上、クリエイターを殺す兵器にしかなり得ません。日本は古来より創作者たちが素晴らしい作品を生み出し続け独自の文化を育んできていまの創作文化があります。生成 AI を規制しないことはこれまでの日本の創作の歴史を終わらせる引き金となる可能性があると考えます。どうか、歴史の積み重ねの上に成る現在の創作文化とクリエイターを守るための判断をしていただきますようお願い申し上げます。,0.07680022490799676
24,166,960,現在、生成 AI はルールや倫理を無視し人の権利を軽視する人間の手にも渡るようになっており、本来本人の手にあるべき「著作権」が疑われてしまうような状況にあります。使用する人間によっては意図して特定の人間や企業を貶めるような道具になっており、ルールで制約をしなければ権利の所在を歪めたり歴史などの捏造にまで発展してしまう状況にあります。本来著作者が持つはずの権利が、全く関与していない第三者にいたずらに脅かされているという状況は、利便性よりも重要視されるべきものだと考えます。現行のルールでは確実に文化の崩壊を招きます。使用する人間を限定できるようなルールの制定を求めます。,現状、生成 AI 使用者による著作権者（学習データ元と解釈してください）への加害行為が後を断ちません。このような行動をする生成 AI 使用者は生成 AI による出力物が「自分の力」だと勘違いした負の万能感による所が大きいです。生成 AI による出力物に対して著作権や何らかの権利を与えることはその勘違いを助長し元データとなっている人の人権、能力を不当に侮辱する行為であると考えます。海外ではすでに生成 AI に対する大規模な規制法案が組み立てられつつあります、その多くが学習データ元となった人間を尊重し生成 AI によるフェイクを抑止することを主軸としています。声、描画能力、姿形、それぞれの人権と言える要素が悪意ある者に悪戯に使用されてその事に心を痛めている方々が多くいます。いかに他者の学習データを入れプロンプトを入力しようがそれで生成 AI 使用者がそれを「できる人間」にはなっていません。著作権や何らかの権利はそれが「できる人間」のみに適用されなければ生成 AI による嘘吐きが日本中に溢れかえりその結果、規制を進める海外から信用を無くし孤立してしまいます。事実、現在の日本政府の生成 AI へのぬるい対応に海外の反応は冷ややかです。生成 AI を推進するにしても現行の違法リークモデル等を徹底的に駆逐して新たに 0 から始めないと皆納得はしないでしょう。使用者にも重い責任と他者を害した場合の明確な罰が必要です。生成 AI は他人のモノを奪い嘘を吐き偽る危険な技術です、その影響がこの一年で確実に出ています。この「被害」と「問題」を見て見ぬふりをされた者たちが対抗、反撃をする流れが形成されています。「他人のモノを盗んではならない」生成 AI を推進するなら通すべきスジはきちんと通していただきたいです。,0.07847045518124018
25,108,189,2.(1)従来の著作権法の考え方と整合性について現状、法が追いついておらず無法地帯です既存の著作権法とは別に AI に特化したものが必要であり技術の発展に伴い柔軟に対応できる新たな制度が必要です3.(1)生成 AI についてウ.学習データの切り貼りではないというが写真、イラストなどをデータとして分解し再構成しているわけですよね？人ではできないやり方で大量の写真、イラストなどを細かく切り貼りして加工しているととれます無から有を生成できない時点でどこまで行っても学習データの切り貼りでしかないと思われます5.各論点について(1)ア.既存の法は人間に対してのもので新たな技術である AI は想定していないものです今後 AI 関連に対応していくためには人間とは別に AI を想定したものが必要であり、技術の進捗とともに柔軟に対応できるものが求められる既存の法を弄ったものでは抜け穴を探され解決には繋がらないと思われるイ.非享受目的と享受目的が併存する場合について現状の生成 AI は無断転載サイトや SNS など、あらゆる所から無断で写真、イラストを収集している無断で素材と称して収集している限り議論の余地すらないと思っている各社、著作権フリーなクリーンな生成 AI を謳っている物もあるが膨大なデータゆえ完全に把握できず少なからず違法なものが混じっているのを止められていないこの問題が解決できない限り議論にすらならないエ.著作権者の利益を不当に害することとなる場合の具体例について(イ)アイデアが類似しているのは無許可で膨大な数のイラストなどを収集されているからだ無許可で収集されたデータが使われている時点で利益は不当に害されていることは疑いようがない(オ)そもそも海賊版や無断転載サイトなどを根本的に規制すべきだそもそもデータ収集において海賊版と知らずにという言い訳は苦しい議論の余地もなくそのようなものは発展すべきものではない【侵害に対する措置について】オ.すでに出回っている生成 AI はほとんどが著作権侵害が生じたものばかり話にならないAI を扱うのを免許制にして徹底的に管理すべきように感じるカ.学習済みモデルも学習データを廃棄すべきすでに法の穴をぬけやったもの勝ちとなっているこのようなことが認められるのか？法が AI という新たな技術に対応しきれていないことが浮き彫りになる一例だ【その他の論点について】キ.人間に対する法を AI に当てはめるべきではない(2)生成・利用段階生成 AI を利用するのであれば個人利用の範疇に収めるべきだ商業利用や配布、SNS などへの投稿の制限を求める【著作権侵害の有無の考え方について】そもそも勝手に素材としてとりこまれているものばかりで議論にならない無断で取り込んでいる時点で著作権は侵害されている既存の素材を使わずに類似したものが生成できる AI は存在していない【侵害に対する措置について】数が膨大すぎて対応できるのか？被害にあった場合泣き寝入りするしかない未来しか見えない罰則は厳しくして欲しいものだ現状の AI を開発する側、使用する側のモラルの無さを痛感し初めてパブリックコメントを提出してみたが非常に書きにくい本当に色々な人間から意見を募集する気があるのかと思うくらいお粗末な入力欄だと思うこの意見も反映される気はしていない現状 AI を開発する側、使用する側にモラルがないのは目に見えて明らかだ技術の発展という建前で日本を支えてきたクリエイターの蔑ろにしないこと願うばかり生成 AI は徹底的に規制しない限り悪用され続けるだろう生成 AI 開発者、使用者はクリエイターが守ってきた破ってはいけないラインというものを簡単に超える相容れないものだと思われる利用者に悪意が有りすぎて徹底的に潰してほしいという気持ちしかわかなくなってきている,（１）従来の著作権法の考え方との整合性について現在の著作権法では、ほとんど生成 AI に対応できていない。著作権法を改正するか、生成 AI ように追加で法律を作るべきだ。（１）生成 AI について生成 AI には問題点が多すぎる、データセットには海賊版や児童ポルノや無許可の著作物、無断掲載の画像などが多く含まれているし、著作権者の権利を明らかに侵害している。生成 AI で特定のアーティストの絵柄などを集中して学習し、二次創作ガイドラインで禁止されているコンテンツの生成や、自作発言など、明確な損害も発生している。さらにオープン AI は著作権で保護されたものを学習できなければ ChatGPT は作れないから、無断で学習させろと主張している始末、許可を取り、対価を払えば問題ないのにそれをしない、おかしな話だ。そもそも生成 AI は倫理的に問題しかないし、こんな他人や他社の権利侵害の恐れがあるものを商用になんて使えたもんじゃない。現行の生成 AI は単なる窃盗ツールでしかないし、Winny と同じだと思う。（１）学習・開発段階無断学習は非享受であれば合法になっていますが、使用者が生成したものをネットに UPしたり、商用利用している時点で享受になりますよね？。 あと、学習を拒否している人のものを無断できるのはおかしい、学習する場合は学習に同意している人だけに限るべきだ。（２）生成・利用段階生成 AI が既存の著作物に類似したものを出力しても、利用者が知らなかった場合は依拠性は問われない可能性があるというのはおかしいですね、AI を通せば依拠性が問われなくなるのは異常です。生成 AI が道具なのであれば、使用者には責任があるべきだ。既存の方法だと違法なものが、AI を通せば合法になるのも、異常だ。生成 AI で生成されたものは、学習したものの切り貼りではないと、文化庁は言っていますが、であれば、なぜ既存の著作物がそのまま出力されているのでしょうか？生成 AI で生成したものは、必ず AI 表記、元データやプロンプトの開示を義務付けするべきだ。（３）生成物の著作物性について生成 AI で出力されたものは、著作物性は認められないし、認めるべきではない、加筆や修正をしても、基本は認めるべきではない。版権物がへいきで、生成されているのに、AI 生成物に著作権を与えるのは危険だ。（４）その他の議論について海外では、生成 AI の規制に動いていますが、日本はいまだにどうやったら生成 AI を合法にできるかしか考えていない。生成 AI による被害者を無視し続け、議論の場でも生成 AI推進派しか呼ばないのは、どうかと思う。日本の文化を守るためにも、しっかりとした法整備や規制、ルール作りをしていただきたい。,0.07989738739529229
26,101,194,（３）生成物の著作物性について 「イ」への意見です。現状の生成 AI へのプロンプト・指示は単語程度のもので以前より正確な結果が得られることから、検索に近いのではないかと感じています。「生成 AI に対する指示が表現に至らないアイデアにとどまるような場合には、当該 AI生成物に著作物性は認められないと考えられる。」とありますが、表現に至る指示・アイデアというものの具体例を知りたいです。現在世に出回る生成 AI システムのほとんどが、特にデザイン・イラストレーションの分野においては素材（学習元）になるデータの肖像権や著作権などのあらゆる権利を侵害している可能性が高いと疑われるものばかりです。しかし、悪意ある利用者にその権利が侵害されたとしてもその立証はひどく困難に思えます。資本力や知名度のある著作権利者の場合は、権利侵害をされた場合の訴訟なども比較的容易ですが、個人の場合は悪意ある利用者への対処は不可能では無いかと思います。またこれは権利侵害をされた者だけでなく、意図せず他者の権利を侵害してしまった利用者も同様です。AI によって生成されたモノの著作物性をめぐるひとつの指針として、公的に「安全に利用可能な生成 AI」と「違法性が高い生成 AI」を企業・団体名など一度明確にして欲しいです。,（３）生成物の著作物性についてイ 生成 AI に対する指示の具体性と AI 生成物の著作物性との関係について指示・入力（プロンプト等）の分量・内容、試行回数を鑑みて著作物になることはない。生成 AI 自体が一種の高精度なネット上にある創作物に対しての検索ツールであり、既存の著作物の再利用に他ならない。生成 AI を利用しない通常の創作においてネット上でインスピレーションを受けるための資料を探すことはあるがその過程において、発想が固まるまでどれだけ試行錯誤しようとそこになんらかの権利が生じることはない。それより後の過程に著作権が発生するのが普通であり、そこをカットした生成物に対して著作権が生じ、既存の著作物と競合することは合ってはならない。,0.08122040618828974
27,647,934,生成 AI による各専門職への被害はイラストレーター/声優/漫画家などに留まらず写真集を出しているアイドルや顔を出している著名人にも広がっています。(岸田首相が卑猥な言葉を喋っているような動画など最たるものです)生成 AI は各専門職の方々が時間と研鑽を積んで作り上げてきた物を無断で大量学習しておりそれらを利用して他人への攻撃や他人の著作物を使い金銭を稼ぐ品性に欠けた人達が数多くいます。既に閉鎖された漫画村運営に等しい行為だと個人的は思います。明らかに前述した各専門職の方々への侮辱です。生成 AI によって自分の絵柄を盗まれ、それに対して声を上げたイラストレーターに対する SNS 上での殺害予告なども見られます。あまつさえ特定のイラストレーターの絵柄をコピーした生成 AI モデルを使用して金銭を稼ぎ、それを周囲に自慢する人もいます。よって生成 AI を悪用する多くの人には他者が創りあげた著作物への敬意など微塵もない事は明白です。生成 AI を何のモラルも持っていない人間が何の制限もなしに使用できる今の状況は必ず日本のサブカルチャー産業の停滞を招きます。他人の著作物を横から盗んだ盗人のみが得をして努力や成果を収めた人たちが蔑ろにされるような日本にはなってはいけないのです。1 イラストレーターとして生成 AI には必ず規制が必要だとここで声を上げます。,1.はじめにAI 生成による影響はあらゆるコンテンツの持つ著作権とその財産を著しく損ない、あまつさえ侵害しています。その恐れがあるのではなく、すでに多くのイラストレーター、漫画家、声優、俳優、アニメーターが決して無視できない実害を被っています。あるイラストレーターは自身の絵を学習させた AI モデルを有料で販売され、さらには本人を装った風評被害も受けました。またある声優は自身の声を学習させた AI ボイスチェンジャーで卑猥なセリフなどを言わされました。そして何より恐ろしいのはこれらの商品を販売する者とそれを購入し使用する者の多さです。結果としてオリジナルである学習元の個人の仕事の勝ちが損なわれ、最終的には日本の一大事業であるサブカルチャー文化そのものの衰退を招き財政にも厳しい影響をもたらすことになるでしょう。既に問題は起きています。もっとしっかり意識を改めてください。AI を市民に自由に使わせるにはあまりにモラルが欠如しています。2.検討の前提として3．生成 AI の技術的な背景について（１）生成 AI についてウ 生成 AI が生成物を生成する機序の概略この認識は大きな間違いである。そもそもこの時点で他社の作品をデータとして取り込んでいる。これは重大な著作権違反である。切り貼りではないという物良いは「この段階で他社の作品をデータに組み込んでも知的財産の侵害等にはあたらない」と記載しているも同然である。即内容を学習に他者の作品などを使用することそれ自体が著作権違反等であると改めるべきである。AI 学習については制作の初期段階から最終段階までそのすべての学習工程等を厳に国に提出及び報告しその中に他者の知的財産（イラスト、声、写真等）が含まれている場合は厳しく罰するべきである。また制作、学習に使用したデータや工程等は全てあらゆる個人が閲覧できるように公開すべきである。こうすることで著作権違反があった場合即座に報告を受けられる体制を作るべきである。（３）AI 開発事業者・AI サービス提供者による技術的な措置についこれだけではあまりに不十分な対応である。現にこれらの対策はほぼ意味をなしていない上に被害は現在進行形で大きく広がっている。そもそも学習データに他者のものを組み込めないように定めるべきである。AI 学習については制作の初期段階から最終段階までそのすべての学習工程等を厳に国に提出及び報告しその中に他者の知的財産（イラスト、声、写真等）が含まれている場合は厳しく罰するべきである。また制作、学習に使用したデータや工程等は全てあらゆる個人が閲覧できるように公開すべきである。こうすることで著作権違反があった場合即座に報告を受けられる体制を作るべきである。企業や個人に対策を任せてはならない。これは国が法を以て裁き、罰し、国と市民、並びに企業が一体となって監視すべきことである。４．関係者からの様々な懸念の声について５．各論点について生成 AI は到底許されるべきものではない。我々がどのような考えを以てそれがより良いものになることを願って法整備を行おうとも悪意ある者たちはそれをたやすく曲解し、捻じ曲げ、都合よく解釈し悪意を持って用いる。生成 AI は国によって厳しく禁じられ、監視し、そして罰されるべきものである。でなくては国が傾く一大事となりかねない。６．最後に生成 AI を野放しにしておけばしておくほど我々クリエイターは疲弊し、最後には死ぬこととなる。そして我々にとって代わり自らの手では何も産み出せぬ、生み出す努力すら放棄した拝金主義者がのさばることとなりサブカルチャー文化は中国、韓国にとって代わられ我々日本は最も重大な文化を一つ失うこととなる。どうか何卒、生成 AI の仕様を法で禁止していただきたい。このままでは我々は何のためにその半生以上の時間を削って金にもならない芸事を続けようやくやっとわずかながらも報酬を得て税を納め暮らしていけるようになったのか分からない。我々創作者が人生をかけて描き続けた必死の思いを踏みにじりあまつさえ嘲笑う生成 AIユーザー、およびそれらの AI を作った者を許さないで頂きたい。,0.08173910713711863
28,605,686,現状でも AI 学習に使われることを拒否しているクリエイターの画像も無断で学習に使われており、また、違法な画像も学習に使用されています。学習に使用された画像が、その画像を作成したクリエイターに還元されるようなシステムが作れない限り、一方的にクリエイターの権利が侵害されてしまいます。クリエイターの権利が守られることを望みます。,なぜ、学習元にされたくないという人の権利が保護されないのでしょうか？現在の環境では一方的にイラストレーターの作品の権利が侵害されるばかりです。また、明確に被害者が存在する写真（性的被害・プライバシーの侵害）などが学習元に交じっていても気が付かず、利用者が知らないうちに実在の人物に不利益を与える結果になる可能性が０％ではない状況も非常に問題があると考えています。画像生成 AI の素材にしても良い、と許可を受けている画像のみを学習元にする。学習元になった画像の権利者がいつでも確認できるようにする。画像生成 AI を作成した責任者が学習した画像に対する責任（著作権者に許諾を得たかどうかなど）を取らなければならない。上記以外にも細かいルールは必要だと思いますが、せめて自分の作品を AI の学習元にされたくない、と考える人が対策を講じることができるルールを整備してほしいと考えます。,0.08204958095863879
29,56,167,生成 AI には大きく規制をかけるべきだと考えています。 簡単に画像を量産することが出来、特定の絵柄を取り込むことも可能な事、それはクリエイターにとってアイデンティティーを盗まれ、勝手にバラ撒かれたも同然のようなものです。まだ世に出ていないこれから活躍する若いクリエイターにとって生成 AI は脅威にしかなりません。また、長い時間をかけて磨いてきたものが生成 AI にかかれば、簡単に安上がりのコンテンツとなって流れていきます。新しいものを作りあげてもまた生成 AI に盗まれて、の繰り返しでマンガ.アニメ業界を著しく衰退させうる存在となることもそう想像に固くありません。生成 AI にクリエイターの大切な作品を学習させてクリエイターは用済みのゴミ扱い、日本が向かおうとしてるのはそんな未来です。というよりも生成 AI の現状そのものです。著作権法というのは、今活躍しているクリエイターとこれからの業界を支えていく人を、守る為にあるものだと思っています。世界に羽ばたいていくクリエイターをたくさん日本は抱えています。どうかお願いです、クリエイターを守る道を選んでください。,生成 AI について早急に規制するべきです。人のイラストを勝手に使って出力するなんて盗作行為と同じです。それによって被害が出ているイラストレーターも多くいます。そんな最悪な行為を野放しにしていたら、今まで築いてきた文化が廃れるのは目に見えています。なので是非生成 AI についての規制の実施をお願いします。,0.08224560844689455
30,24,149,５．各論点について（１）学習・開発段階【著作権者の利益を不当に害することとなる場合について】（イ）アイデア等が類似するにとどまるものが大量に生成されることについて「著作権法が保護する利益でないアイデア等が類似するにとどまるものが大量に生成されることにより、特定のクリエイター又は著作物に対する需要が、AI 生成物によって代替されてしまうような事態が生じることは想定しうるものの、」とあるが、論文 著作者人格権侵害とみなす行為と名誉毀損( https://www.agulin.aoyama.ac.jp/mmd/library01/BD81126429/Body/link/ab40126429.pdf ) では名誉声望保持権は将来的・期待的な名誉声望も保護するという解釈があり、例えばある著作者の著作物を情報解析に利用することで、その著作者の将来的な名誉声望を喪失させるおそれがある場合は名誉声望保持権の侵害に当たることが考えられる。また、生成 AI は、既存の表現に類似する表現を創作意図がなくとも出力できるようにすることができ、すなわち「誰が表現しても同じようなものとなるありふれた表現」化させることができると言えるのではないか。特定の著作者の著作物を、ありふれた表現と混同させる目的で利用するような場合は、その著作者の(将来的ではなく現在の)社会的な名誉声望を害する方法で著作物を利用したと解されるのではないか。これらは特定の著作者の著作物の特徴を学習させた生成 AI モデルを公開する、あるいはその AI の生成物を大量に公開するなどした場合が考えられる。,５．各論点について（１）エ（イ）○ 著作権法が保護する利益でないアイデア等が類似するにとどまるものが大量に生成されることにより、特定のクリエイター又は著作物に対する需要が、AI 生成物によって代替されてしまうような事態が生じることは想定しうるものの、当該生成物が学習元著作物の創作的表現と共通しない場合には、著作権法上の「著作権者の利益を不当に害することとなる場合」には該当しないと考えられる。この項目について、強く異議を唱えさせていただきます。何よりも「アイデア等が類似するにとどまるものが大量に生成されること」が生み出す弊害の規模と深刻さを文化庁の方々は全く理解しておられないと言わざるを得ません。画像生成 AI は「技術や知識を持たない者でも高品質な画像を手軽に大量に生み出せる」ということを利点として掲げていますが、同時にそれは非常に深刻かつ多くの問題を生み出しているとも言えます。まず、イラスト界隈では「マスピ顔の陳腐化」というのが深刻な問題となっています。これはマスターピース（傑作・名作）という名の通り多くのユーザーに好まれる絵柄が、生成 AI によって手描きではありえないほどの速度で膨大に生み出されるため、市場に溢れすぎて消費速度を一気に加速させ飽きられ始めているという状態です。飽きられたオリジナルの絵柄は AI によって無断で学習されて類似物を大量にばら撒かれ、相対的に市場価値を下げられるという、非常に一方的で理不尽な仕打ちを受けている、と言う状態です。また一時期 PIXIV などでも問題となりましたが、金銭目的で AI を利用する者は無節操に生成物をばら撒き、他者との差別化を図るため二次創作の規約で禁じられたアダルトコンテンツや実写に限りなく近い児童ポルノなどの生成といった、モラルや良識の一線を越えた非常識な行為をいとも簡単に行い、児童ポルノでプラットフォームが埋め尽くされるといったおぞましい事態にまで発展したため規約変更によってほとんどの商用利用が禁じられるといった運びとなりました。さらに、市場に溢れすぎた AI 生成物は相対的にその価値を大きく下げ、需要もごく僅かとなったため、規約に違反しながら手描きのように偽装、僭称してグッズ販売したりイラスト制作を請け負うような輩が後を絶ちません。またクリエイター御用達の素材販売サイトにも AI 生成物が紛れ込んでいたり、手描き詐称して AI 生成物を企業に売り込む輩もいるため、尋常ではない手間と労力を AI のために負担させられている、といった声がクリエイターの方々から上がっています。これらの問題は全て、生成 AI が何の法的規制もなく野放し状態にあることが大きな要因の一つであると言えるのではないでしょうか？AI を推進したい方々は現行法で対処すればいいと仰いますが、モラルや良識を欠いた者が、誰でも手軽に大量に生み出して悪用できる生成 AI の被害を、世間に浸透すればするほどさらに膨大に増えていくと予想される問題を、一つ一つ訴訟などして解決することが果たして現実的と言えるのでしょうか？さらに根本的な問題として、画像生成 AI は著作権侵害などの懸念によりほとんどのクリエイターに必要とされていません。クリエイターに対価を支払いたくない、個人の消費者や企業などがしがみついているという状態です。言うまでもなくこのような状態で創作文化の発展や経済的成長につながる見込みなどありません。「勝ち筋」などどこにもなく、深刻な問題ばかりが浮き彫りになってくる生成 AI を、これ以上推進する意味がどこにあるのでしょうか？これらの点を踏まえて、厳しい法的規制も視野に入れながら AI に対する姿勢を今一度見直していただくことをお願い申し上げます。,0.0830133177627621
31,767,925,AI 生成については「生成素材として提供されていない作品類からの無作為な学習全般」において「著作権侵害である」としていただきたい。これは公表されているから素材としてよい、という意図ではなく、明確に「AI 生成素材としても良いという意思表示のされているものからのみの生成」を許可し、それ以外は著作権に触れるとしてほしい、というものだ。絵画、イラストレーション、文学、音声、あらゆる創作物は数時間で作られたものではなく作者の生きてきた時間が創作時間であるものであり、それらを断り無く学習・複製されては何のための創作であるというのか。又、AI 生成されたモノ(敢えて創作物とは呼ばない)がなんらかの犯罪に使用された場合、学習素材とされてしまった作品群及び作者の権利が脅かされる危険性を考慮した形態を保ってもらいたい。現在であっても AI 生成による成り済ましや風評被害が発生している中だ。創作者の権利を守る体制を整えて貰えるよう切に願う。,"著作者から許可が得られていない AI による生成物は著作権侵害だと思います。個人が作った絵や音楽、文章、はたまた声や顔を本人の許諾無しに勝手に使って許されるものではありません。その人本人が生み出した個人の財産なので、それを見ず知らずの人間が勝手に無断で使用するのは盗用であり著作権侵害です。犯罪だと思います。そんなの駄目だって普通に考えたら分かるはずです。考えずとも著作権侵害って調べたらすぐ無許可で他人の著作物を使用すること。加工を施すこと。""と出るはずです。AI は誰かの著作物を使用して作られています。学習とか耳触りの良い言葉を使ってますが、著作物を使用しているんですよね。多くの AI 使用者や AI 生成データの作成者は""誰かの著作物""を""無断""で AI に学ばせているので、著作権侵害です。多くの AI 使用者を見ると分かりますが、彼らは他人のものを奪い私物化することになんの抵抗もありません。法が整備されたってきっと悪びれもなくやるし、どうせ許されると思っているはずです。厳しく取り締まって欲しいなと思います。AI のせいで真面目にやってきた人が悔しい思いをするのは訳が分かりません。""",0.08349412794825894
32,826,1011,「3.生成 AI の技術的な背景について」内「(1)生成 AI について」内「ウ 生成 AI が生成物を生成する機序の概略」「この際の生成については、通常、学習データの切り貼りではないとされる。」部分→「3.(1).イ 生成 AI の開発の概略」にある通り生成 AI は大量かつ多様なデータを解析するが、生成を行うにあたりそれらデータから学習したパターンやルールを複合的に（人間には再現不可能な領域において）切り貼りし出力している。現在広く使われている画像生成 AI サービスにより出力される画像群には、生成段階の指示に依らず明確に学習データの特徴を持つ生成物が多量に確認されているため、切り貼りであると言える。同 3.内「(2)生成 AI に関する新たな技術」内「2 ……に強い影響を受けた生成物の生成を可能とする技術 11（11.例えば、LoRA と言われる技術がある）」→LoRA 等に関する説明にある通り、小規模データセットを用いる追加学習はそのデータセットに強い影響を受ける。つまりこれらデータセットに既存の著作物を利用利用する場合はその時点で享受目的と判断されるべきであり、当該著作物が同一作者による著作物（特に、作品から著作者を類推できる特徴を有する物）の場合はより明確に享受目的の利用と判断でき、かつ当該著作権者の利益を不当に害するものと判断できる。これらの利用は、データセット内に含まれる著作物の権利を持つ著作者の許諾のもとでのみ利用可能とするべきであり、許諾を受けた事実を生成物から遡行して証明できる仕組みを作るべきであるし、これらのトレーサビリティ、アカウンタビリティが保証されないのなら使われるべきではない（全面的に違法とするべきである）。特定の著作権者を類推できる画風を再現した AI 生成物を用いて脅迫や誹謗中傷が行われた場合その著作権者に多大な不利益が生じるケースも容易に想像できるため、トレーサビリティの確保と AI 生成物であることを客観的に確認できるウォーターマークのような仕組みは生成 AI を法的に許容するうえで必須と言える。同 3.内「(3)AI 開発事業者・AI サービス提供者による技術的な措置について」内「1 現存するアーティストの氏名等を指定したプロンプト等による生成指示を拒否する技術」について、当該技術はあらゆる生成 AI に適用されるべきであり、個々のアーティストや所属団体による許諾を受けはじめて氏名等を指定した生成指示を可能とするべきである。同(3)内「3 生成 AI の学習に用いる……実際に削除を行う措置。」について、当該措置はあらゆる生成 AI の開発段階から義務付けるべきであり、権利者の許諾のもと学習に利用されるべきである。「5.各論点について」内「(1)学習・開発段階」内「ア 検討の前提」内「（ア）平成 30 年改正の趣旨」「近代の……この学習用データの収集・加工等の場面において、既存の著作物の利用が生じ得る。」→研究用においては限定的に許容されるべきであるが、サービスとして利用する目的で学習・開発する場合、生成 I の仕組みからみて享受目的の利用と判断するべきであり、許諾を受けたとしても学習用のデータ一つ一つに関するトレーサビリティは確保するべきである。同 5.内【「非享受目的」に該当する場合について】内「イ 「情報解析の用に供する場合」と享受目的が併存する場合について」内「(ア) 「情報解析の用に供する場合」の位置づけについて」→「そのため、AI 学習の……に該当すると考えられる」について、情報解析の用に供する場合のみが非享受目的と判断できるが、情報解析を生成ＡＩの学習行為と解釈する場合はその生成ＡＩモデルのビジネス利用は明確に享受目的となるため認められるべきではない。,Cluster #11,0.08379851113089754
33,177,955,AI と著作権に関する考え方について（素案）４．関係者からの様々な懸念の声について1 著作物等が AI 開発・学習に無断で利用されている>>写真と異なり、著作権で保護される程度の独自性を持ったイラストが、「新規生成」の材料として利用されることに違和感を感じます。作家はイラストを AI 素材として作成したわけでなく、またそれに同意した覚えもありません。AI が参考するデータに「著作物」を生成物の参考にするために許可出してアップロードした覚えもありません。あくまでインターネット上の閲覧に限る形で出している方がほとんどと思います。AI 学習に使用するならば、「不特定多数の著作物」を下敷きにするのでなく、「許可を得て組み込んだ著作物」のみを使用する方向でお考えいただければと思います。3.生成 AI の普及により、既存のクリエイター等の作風や特定の作家のイラストを AI に大量に取り込み、読みこんだデータにより作家本来が創作しないであろう思想のものを生成され、作家の性質そのものを毀損する行為が見られます。（18 禁を描かない作家のデータを読み込み、裸のイラストなどを大量生産する等）イラストを学習したうえでの模倣、または加工ソフトを使ったコラージュに類するものが、AI の導入によりあまりにも容易（高品質で大量に）に達成されてしまい危機感を覚えます。暴力団体・及び政治団体による AI の使用で、作風を模倣された作家の名誉が毀損される可能性もあります。棄損された名誉により、作家のその後の商取引等に影響が出た場合に回復は容易ではなく、弁償させるための裁判費用も高額となります。インターネット上参照データからの AI 生成についてはリスクが大きく、また現クリエイターに多くの不利益をもたらすもののため、AI 使用については法改正をお急ぎ戴けますと幸いでございます。,AI の著作権について、そもそもが AI 以前の創作物については AI に学習される前提で創作されておらず、また生成物はその特徴から著作元の権利を侵害（イラストであれば生成物が同じくイラスト学習元と類似していることで学習元の仕事や創造物に影響を及ぼす）しており、どのようにまとめようとも【クリーンなライセンスを持ったデータベース】【学習に許諾したデータのみを使用】【使用した場合の出典元の開示】以外にないと考えています。また素案については生成物が学習元の切り貼りではないなど調査不足な項目も散見され、とてもではないがクリエイターの権利を守ろうという内容には足りてないと判断しました。,0.08392506320605364
34,813,1009,生成 AI によるイラストの作成は著作権、知的財産権の侵害にあたります。それに伴うアップロード、こと営利目的の投稿、使用は法に抵触します。使用者自身が用意して作ったもので作成が行われているものではないことに留意が必要です。AI を駆使した上の作成ですから、権利の所在もあいまいな状態です。多様性の時代でありながら、生成 AI のイラストは権利を侵害した上に画一性をもたらし、イラストレーターをはじめとする絵に携わる人々の個性を潰していると考えます。もはや個人の権利を侵害するのみに留まらぬ様相を示していると見えます。生成 AI のイラストの跋扈や、生成 AI を使用した作成者の心無いコメントによりイラストから離れざるを得なくなった人も多数います。AI イラストは理想どころか、未来の先細りを体現したとも言えるでしょう。直ちに法整備を進めるべきです。,Cluster #9,0.08441233012762861
35,130,915,自分では作り出せない人にとってはとても便利なものであると感じます。一方で生成 AIを使った著作権侵害や人のものを使ってお金儲けをする人が散見される現状だと思います。このままでは批判的な意見が多く生成 AI に対する偏見を持つ人が増えるのではと懸念しています。人のイラストを AI に読み込ませて作り出した絵を自身の作品と言い張る、売買するなど見られておりそれはどうかなと思うところです。著作物に対する権利は守られるべきものであって欲しいです。よろしくお願いします。,AI 生成自体はとても画期的で今後クリエイターの手助けになるものだと考えています。しかし、問題なのは一般人が簡単に手に入れられ他人の著作物を大量に読み取り学習させ絵を公開していることお金を稼いでる人がいるという状況です。それは営業妨害なのではないでしょうか？そのことでクリエイターの皆さんが困っていたり作品を全て消した方もいらっしゃいます。そもそも、おかしいのは最悪の事態も考えなずルールをちゃんと決めず一般人にも簡単に手に入れられるようしてしまうのはあまり良くなかったと思います。これは一体誰のために作られたのでしょうか？,0.08463543414702923
36,144,713,生成 AI は許可なしに著作物を学習されたものであるため、学習元のデータがそのまま出てきてしまう事もあり、AI 生成物を出力したものに著作権を与えるなど言語道断です。AI が自分で思考して生み出したものなどではなく、学習元のコピー品でしかありません。AI 生成物が凄いスピードで大量に生み出されてネット上にゴミデータが溢れ、一般人には迷惑です。そもそも AI 学習する前に著作者に全て許可を取って学習すべきです。許可を取らないで作られた AI は全て規制してください。,生成 AI が生成した生成物は学習データの切り貼りではないという旨の文章が書かれているが、この考え方は間違っている。また、現在流通している生成 AI のほぼ全てが著作権法における享受を目的の一つとしている例に該当する。したがって、生成 AI の使用は規制した方が良いと考える。,0.0859793944821623
37,353,574,私は生成 AI に関して、著作権侵害の可能性があるため、推進反対です。生成 AI は、1 から絵や音楽を作り出せるものというように見えますが、実際はインターネットの中にたくさんある完成品のデータを元に作り出したものです。特定の作者の作品を元にして生成 AI を使えば、その作者の絵柄そっくりの作品ができあがります。これが作者の意を反した、つまり真似されたくないものであれば著作権を侵害しているのではないでしょうか。実際、生成 AI を利用したイラスト作成により、有名クリエイターの成りすましをして不当に金銭を稼いだり、有名クリエイターを誹謗中傷の的にしたりするような出来事が起こっています。しかし、それを罰する法律もなく、AI を推進するという名目で無法地帯となっている状態です。有名クリエイターだけでなく、一般クリエイターもそれに巻き込まれている状況は異常なものでは無いでしょうか。泥棒をされて被害者泣き寝入りするようなものです。生成 AI はこの先、確かに企業システムなどを助けていく技術ではあるのでしょうが、このままでは、イラスト、音楽、漫画、日本が世界に売り出すコンテンツが衰退していきます。クールジャパンを継続していくためには、クリエイターの著作権が守られるように生成 AIの学習源を制限するべきだと思います。,AI 生成物はその元となった制作物の著作権を蔑ろにするものだと考えます。また、AI 生成物に著作権は発生しないと考えます。まず、特定のクリエイターを模倣・標的とした模倣生成物は明らかに元のクリエイターに悪影響を与えるもので、仮に他のクリエイターの作品がデータセットに入っていたとしても著作権を侵害しているといえるでしょう。次に、特定のクリエイターを狙った生成物ではない場合に関して、現状 AI ではどのようなデータが利用されているか不透明であり、全人類が模倣元と言えるでしょう。特定の個人による著作物を弾けず、AI が一度学習したら全く同じものが AI によって理論上出力できます。これは著作物を複製する行為に当たり、問題であると考えます。仮にその中の 1部分だけ利用されるとしても立派な盗用ではないでしょうか。また、AI 生成物に関しては著作権は認められないと考えます。出力するためのプロンプトが非常に長く特徴的で真似できないものであれば、そのプロンプトには著作権が発生しうると思いますが、生成物はどのようなプロンプトを入れた場合でも全く同じものが出力されうるものです。生成物に著作権が発生するような唯一性や独創性は認められないのではないでしょうか。仮に生成物が独創的であっても、元となったデータに含まれた作品が独創的かつ利用した AI 自体が優れていただけであり、AI を生成した人物の意思はプロンプト作成以外に介在しません。加筆修正、音階の調整など、AI 生成物を加工にしたものに関しては、現状の AI であればこれも著作権侵害と言えるのではないでしょうか。例え人の手が入ったとて、元の生成物に特定のクリエイターの作品が含まれていないと証明できず、また加工によって取り除いた証明もできないものです。データセットに含まれた生成物が透明化・明確化されない限り、盗用作品を加工していると考えられます。加工者の技術によるものとはいえ、修理や改修といった行為に近いと感じました。以上より、AI 生成物は既存の著作権を侵害するものであり、また AI 生成者に関しては特徴的なプロンプトにのみ著作権が発生し、加工物に著作権は発生しないと考えます。,0.08681939273893624
38,182,988,●著作権法が保護しようとしている著作権者の利益感情や思想の享受以外にも「創作物」自体として様々な価値があるため、許諾無く複製を作ることは制作者に対して害を為す可能性があります。「著作物」に対しては「権利限定」ではなく「基本的に許諾が必要」なものです。本来は「ＡＩに対する学習のために」著作権利について「学習に対して著作に蓋をしている」という認識でしたが、ＡＩが「創作物」を学習して出力した「二次複製物」に対しての「表現思想」や「感情享受」や「利益享受」の例が多く見られます。「著作物」と「二次複製物」に全くの違いが見られない「コピー複製物」を生み出すことができているからです。また、その「著作物制作者の個性」をＡＩアルゴリズムを介して模倣擬態し「害を為している」事例も多く見られます。「ＡＩ生成物による著作権侵害が生じるのではないか」ではなく「既に侵害が為されて」いる状況です。「学習のみ」に制限したはずの「著作物」に対する「二次複製物」を商用に転嫁して「利益享受」している事例も多く、ＡＩに対して「教師付き学習」をする段階で、「商用利用」なのか「研究目的」なのかを明確に分ける必要があります。「商用」と定義しているＡＩから「著作物」をいくつか掛け合わせた特徴を持つ「二次複製物」を出力利用している事例も見られます。また「使用してはいけない」とされる「ＣＳＡＭ／児童性的虐待コンテンツ」等を内包したものもあり、その「コピー複製物」や「二次複製物」が氾濫しています。よって、生成ＡＩによる学習素材は基本、「オプトアウト」ではなく「オプトイン」形式にするべきだと考えます。また、「AI と著作権に関する考え方について（素案）」の８ページ目にある「プログラムの著作物のリバース・エンジニアリングや、（～中略）を「享受」を目的としない行為としている」の規定は「ただし書き」が上位である「著作権法」を上書きする事態になっています。商用として制作された「著作物／デジタルデータ」の改変にも、著作者の許可が必要なはずですが・・・（著作者に無断でプログラムを改変すると、著作者の有する同一性保持権の侵害／著作権法第 20 条 2 項 3 号）これを許してしまうと「生成ＡＩ」による「著作ロンダリング」の穴を開ける結果になります。「法第 30 条の４」の対象を広げる規定が「更なる混乱」と「害を為す」元になります。「ただし書き規定」を広げるのではなく、「ＡＩを使用した際の、学習段階や生成段階など、入出力に対する」項目を新たに追加するほうが望ましいです。まだまだ、沢山ありますが・・・「著作配慮」を前提とした、健全なＡＩ技術の進化を求めます。,まず前提として、他人の著作物を無許可で使用すること自体が明らかな著作権侵害です。他人の著作物を AI に取り込み、学習(この窃盗行為を学習と呼ぶことすらおぞましいですが)させたものを創作物とは呼びません。「生成 AI に関して、享受目的が併存すると評価される場合について、具体的には 以下のような場合が想定される」等とありましたが、そも生成物を出力させることを目的とした学習の時点で享受目的はあると考えるのが普通と存じます。,0.08683330249044663
39,402,669,1.はじめに私は生成 AI 反対派です。高校生なので拙い語彙力で申し訳ありませんが、この思いが伝わると嬉しいです。2. 検討の前提として（1） 従来の著作権法の考え方との整合性について、現在の著作権法は甘いと思います。絵師さんが無断転載、無断使用禁止と宣言していても、されてしまったら結局泣き寝入りするしかない。（2）AI と著作権の関係に関する従来の整理、AI により著作権はほぼないものとされている、無断で学習されればもう終わり、二度と取り返せない。複数人のデータを取り込めばお咎めなしとかも聞いたことがある。殆どの生成 AI は無断で複数人のデータを取り込んだものなのに、これはおかしい3. 生成 AI の技術的な背景について（1）生成 AI について、殆どが無断で人のデータを学習したものであり、盗んだものであるのはおかしいと思う（2）生成 AI に関する新たな技術について、なにも素晴らしいところなど一つもない、規制すべきだ。（3）AI 開発事業者・AI サービス提供者による技術的な措置について、人のデータを無断で盗んだ人たちなので罰せられるべきだ4. 関係者からの様々な懸念の声について私はしがない高校生の絵描きですが、とても将来が不安です。絵の仕事に就きたいと思っていた矢先、生成 AI が流行し、絵師さん尊厳や著作物が盗まれるような事案が多発しており、このまま生成 AI が野放しにされるなら絵師を目指すのを諦めた方がいいのではと諦めかけています。生成 AI による過度な供給は需要をはるかに上回り、人間たちの努力の結晶である作品たちを破壊します。つまり生成 AI に仕事を邪魔される人たちは、現状何もかもを諦めるしかないのです。どうせここに意見を描いても、規制がめんどくさいからと結局野放しにされる気がしますが、生成 AI が蔓延る今、生成 AI に自分の著作物を侵害され放題なままなら、もう夢を諦めるしかありません。絵を描くのを諦める人が増えれば、新しい芸術は生み出されなくなるでしょう。生成 AI は既存の著作物から無断で絵を学んでるだけにすぎません。つまり既存の技術に酷似したものしか生み出せません。完全に新しいものは生み出せないのです。生成 AI が規制されなければ、芸術は廃れていくのみです。どうか、規制を考えてください。5. 各論点について（1）学習・開発段階について、生成 AI の殆どは無断でデータを学習しているものであり、AI に自分の絵を無断で学習されたらもうそれは自分の長年の努力で身につけた技術をなんの努力もしない怠け者に奪われることになる。（2）生成・利用段階について、そういう無断データで、データ元と競合する生成 AI 開発するのは不当な権利の侵害行為に該当する。たまに特定の人だけを狙い撃ちした嫌がらせのようなものも見る(例、「◯◯さんの絵を 29 秒で生み出して金を稼ごう！」など)（3）生成物の著作物性について、生成物の著作権はデータ元にあるべきだ。（4） その他の論点について6.最後に生成 AI は著作物を無断で学習し、データ元著作権を侵害し、競合する。不当な権利の侵害行為に該当する。これは芸術家たちの尊厳を踏みにじるのと同じです。私は生成 AI に断固反対いたします。,（１）従来の著作権法の考え方との整合性について（２）AI と著作権の関係に関する従来の整理上記内容は法律やこれまでの判例に基づいており、至極当然の事柄だと考えております。一般的な AI 反対派の方は「（１）学習・開発段階 」おいて、「既存の作品を勝手に収集・複製している」「個人の著作権を脅かしている」という認識を持っていますが、それは著作権への理解が乏しく、著作に関する複製の権利を人権のように捉えている為だと感じております。イラストレーターなどのクリエイティブ職の広まりにともない、自分自身と作品とを同一視し、作品への攻撃を自分への攻撃と見なすどころか、他人の著作物に対しても自己と同一視するような、自他境界のあやふやな人も多くなってきたと感じております。自作に対する愛着・執着が強く、自作そのものもまた、これまでの多くの創作の歴史の中にあり、模倣の末に存在するという認識も薄いため、AI を規制するために著作権を拡大解釈することによって、今後のクリエイティブを志す人々の試行錯誤や模倣による成長の道を閉ざす可能性があることも認識していないように思います。そういった感覚・感情的で、法や理論に基づかない主張によって、超越的な法解釈をされてはならないと、考えております。段階を開示し、パブリックコメントを募集するなど多くの意見を踏まえて検討していくことで、より多くの人に正しい知識が広まるよう祈っております。,0.08689085679885677
40,261,346,現状、AI 生成物に対して著作権は【発生しない】ものと考えています。私は商業イラストレーター、商業漫画を生業にしており AI、反 AI 論争に対しては 1 年間ずっと見てきました。イラストを仕事にしている以上、最も困るのは仕事(収入)がなくなることです。そして現行 AI はかなりの再現度でいわゆる絵柄(作風)というものを的確に抽出します。人間が好きな作家に憧れて作風を真似するのとは比べ物にならない、まさにコンピューターならではの精密さで模倣されます。そうなった場合、とても人間の技術やスピードでは再現できないようなスパンで作品を発表/販売できてしまい、もとの作家は食いつぶされてしまいます。作家の優位性、もとい芸術と文化を守っていくためには著作権というものは必ず保護されなければならないと思います。AI に著作権を認めてしまえば、販売も OK になりますよね？AI 生成物に著作権を認めてしまえば、あらゆるクリエイターが培ってきた創作物、それが絵だろうと、文だろうと、声だろうと映像だろうと、作品ではなく素材に成り下がってしまうと思います。私達は作品を作っているのであって、フリー素材を作っているわけではないのです。こんなことを逐一言うのも馬鹿馬鹿しいのですが、料理を作らない人を料理人とは呼びません。ペンを持って描く動きをしない人を絵描きとは呼びません。AI 生成物を作る人は、パソコンに向かって文字を打っているだけですよね？文章でもなく、文体でもなく、呪文やプロンプトと呼ばれる単語を入力して出てきたものに何故【著作権】など発生するのでしょうか？？何を著作したのでしょう？？文字を打っている本人すら、どんなものが出来上がるのかわからないのに、偶然の産物に著作が発生するのでしょうか？それも本人ではなくコンピューターが抽出したそれらしいドットの塊に、なんの著作権が発生するのでしょうか？現状 AI 学習という言葉は著作権を消してくれる魔法の言葉にしかなってませんよね。AI 生成物に著作権を認めてしまえば世界的に評価されている日本のアニメも漫画もゲームも全てその時点でフリー素材になりますよね。どこの国にどれだけ模倣されて使い潰されても「AI 学習させたうえで抽出させたから」といえばなんの権利も保証されないようになるでしょう。というか現状なってますよね。イラスト界隈は壊滅的で有名クエリエイターの作風はほぼ学習さてしまい世界中の誰もが手にできる状態です。そもそも海外が開発した AI 技術に乗っかってる分際でなにが「クールジャパン」なのでしょうか？？AI に著作権は不必要です。著作権とは、人間が手に汗握って、培い、学び、想像し創作したものにだけ与えられるものだと思います。ここは人間の社会です。心をわからない感情のないコンピューターに権利は必要ありません。数式をもとにただそれっぽいものを算出しただけのものに権利は必要ありません。,AI と著作権に関する考え方についてAI とは人工知能でありこの AI によってより私たちが出来ることの補助ができます昨年から AI によるイラストや音声も作られるようになり、創作系が苦手な人でも創作を作られるようになりなりました。しかし、創作においては必ず著作権が付き物であり必ず創作を行う際は注意を行うようにしないと行けません。この AI によるイラストは悪い方向へと繋がるのではないかと危惧する製作者がいます。これはほぼ当たっており、創作において自分が苦労して創ったものが他人によって多く出されたら創作意欲を失い製作者がやめる事態にもなり大きな悪循環を生み出してしまいます。これを防ぐには著作権を上手く使いこなさなければ行けません。ただし著作権を厳しくすると今度は製作者自信を首を絞めることにもなり著作権を厳しくするのではなくどう上手く使いこすかです。海外でも AI にたいして厳しいところもあるのですが上手く調整しないと製作者の成長が止まってしまいます,0.08700011714902056
41,662,1004,海外ではその人の自撮り写真を生成 AI に喰わせて性的描写に作り変えたりして強請や脅迫などをした事例も出ているらしいと聞きました。このままいけば自分達が投稿した自撮り写真が悪意ある生成 AI 利用者により無断で学習され性的描写やグロや残酷描写に使用されてそれを金銭等の強要・強請のネタにされ、更に上記の描写の生成 AI イラストによって身も蓋も無い誹謗中傷や批判の嵐のネタにされプライバシーの侵害や名誉毀損の被害に遭う可能性が大きくなります,Cluster #4,0.08837922815004551
42,10,46,AI においての学び（すなわちデータのインプットとその処理蓄積）についてを、著作権で制限することには賛成できません。それを行うことはコンピューターサイエンスの発展を妨げることとなりますし、何よりも人間の学びと何が違うのかという観点で考察を行った際の差異があまりないように思われます。であれば、人間も誰かの作品から学ぶことは著作権において違法であるといえなくもないはずです。私は現在の文化庁の解釈である、AI は道具にすぎず、AI を使って何かを生成した人間なり法人がそれを公に出したときにはじめて著作物と認められ、著作権の観点での類似などが検討されるべきと考えます。もし、AI においての学びと出力が著作権法に違反するのであれば、AI にも人としての格を法的に与えるべきです。将棋の世界において、AI が人間よりも強くなったことで、人間の将棋もレベルが上がったといいます。文化的な作品においても、同様な考え方で AI を活用すべきであると考えます。,AI と著作権に関する考え方について（素案）クリエイターや実演者等の権利者の懸念 に対する意見を提出します。前提として私は AI を使用していないクリエイターです。現状、生成 AI の使用者の大半は学習データソースの作成者の権利を考慮しない、，或いはあえて蔑ろにする様な振る舞いを取っています。AI 学習使用禁止の文言には現時点で法的拘束力はないことは存じておりますが、クリエイターが控える様な意見を送っても法整備が無いことを盾にして誹謗中傷や政治的思想を伴った反論をする生成 AI 使用者は絶えません。また、生成 AI 使用者のリテラシーを抜きにしても、長年の研鑽によって生み出された画風や表現が生成 AI によって陳腐化されてしまう事態もおきています。(スラングで言うところのマスピ顔、等。)上記問題を除いても、現行の法律に最も強く関連する問題として実在人物(児童を含む)のポルノがすでに大量に出回っており、これが pixiv を始めとする投稿サイトを汚染して学習元の人物の尊厳を傷つけ、クリエイターは不当な投稿制限を受けています。今後政府に求める対応としては・生成 AI 提供者は常に学習データを開示、或いは請求に対して開示する義務を持つこと・生成 AI 提供者及び利用者は学習データ提供に同意したクリエイターの作品のみ利用可能で、それに反した場合法的な罰則を設けること・生成 AI によって生成された作品に著作権や利用料の設定を認めず、誰でも二次利用可能とすること(学習データ元のクリエイターが受けるはずの利益を不当に独占するとことへの対策の為。)・学習データ提供の拒否を無視した生成 AI 利用者の行動に対して嫌がらせやストーキング、誹謗中傷に並ぶ法的措置を取れる様にすること,0.08857281811224982
43,722,956,AI と著作権に関する考え方について素案上記データの 10 から 11 頁目にかけて書かれている、ウ 生成 AI が生成物を生成する機序の概略生成 AI では、入力された指示を情報解析し得られた結果と、その生成 AI が学習したパターンやルール、傾向等に基づき、生成物を生成することとなる。この際の生成については、通常、学習データの切り貼りではないとされる。とありますが、この際の生成については、通常、学習データの切り貼りではないならば、生成 AI は無から有を作り出しているということになるのではないでしょうか？実際生成 AI が生成しているものには、多かれ少なかれ既存の著作物が含まれている場合が圧倒的に多く、学習データの切り貼りでない状態などあり得ないはずです。この素案をそのまま通すということは、学習データとして使われてしまう著作物、及び著作者の権利や尊厳を踏みにじって良いということになると思います。既に多くの作家さんが生成 AI やそれを悪用した第三者の被害を受けて苦しんでいます。それらを助長するようなものだけは生み出して欲しくないです。ご検討のほどよろしくお願いいたします。,命令などの案AI と著作権に関する考え方について（素案） の 10P～11P について記載のある「ウ 生成 AI が生成物を生成する機序の概略生成 AI では、入力された指示を情報解析し得られた結果と、その生成 AI が学習したパターンやルール、傾向等に基づき、生成物を生成することとなる。この際の生成については、通常、学習データの切り貼りではないとされる。(8 「生成 AI」には明確な定義がなく、本文書では本文記述の機能を有する AI を生成 AI と呼ぶことにする。)」の部分について、様々な作家の学習データを合成しているので、学習データの切り貼りだと思います。著作権周りの法案整備お願いします。,0.09024894137022932
44,643,854,PDF 10 ページ目後半、11 ページ頭に記載されている「学習データは切り貼りではないとされる」事について無断転載に当たると思います。文面通りに受け取る事は出来ません。訂正をお願いします。,配布 PDF 10 ページ目後半、11 ページ頭にに記載されている「学習（）データは切り貼りではないとされる」事について、無断転載してるし、切り貼りだろうがもうこの時点で舐めてんのかテメェってなりました、はい,0.0914274885392542
45,311,316,1.はじめに生成 AI の普及について、私は全面的に反対です。5.各論点について(1)学習・開発段階一部の生成 AI は学習段階において、既存の創作物を著作権法が許す範囲を超えて利用していると考えます。勝手に学習されるデータを著作権法で守るべきです。(2)生成・利用段階生成 AI は簡単に既存の創作物と遜色ないものを生成できるので、利用する人のモラルが足らず、既存の著作権が簡単に侵害されてしまっていると認識しています。(3)生成物の著作物性について生成 AI の生成物に著作物性は認められないと感じます。,１．はじめに生成 AI については著作権の侵害、岸田総理や日テレのファイク動画など特定の人物・企業への実害が既に多く発生していると感じるので現状のまま生成 AI 技術を推し進めるのは反対です。２．検討の前提として（１）従来の著作権法の考え方との整合性について（２）AI と著作権の関係に関する従来の整理個人的な意見になってしまいますが現行の著作権法では生成 AI との整合性を取るのは既に難しいと感じています。例えばですが「生成 AI を扱う場合、特定の資格を持ち合わせていなければ扱いを許可されない。」や「AI 学習許可の降りたもののみ AI 学習させることが可能」というような制限を設けたほうが良いと感じます。間違ってもクリエイターや技術職の方、またそれらに関係する方々に今以上の負担を強いるようなことが、あってはいけないと思います。３．生成 AI の技術的な背景について（１）生成 AI について（２）生成 AI に関する新たな技術（３）AI 開発事業者・AI サービス提供者による技術的な措置について現行の生成 AI は著作物の無断使用・海賊版等の違法使用によって成り立っている面が非常に大きく感じ、それらが非常に大きな問題だと思います。既に実害も多数出ている生成 AI を現状のままにしておくのは、今後起こり得るであろう被害を大きくすると思います。生成 AI の使用を「使用資格のある者のみにする」や「AI 学習の許可のあるもののみ学習できる」などなんらかの規制や制限が必要かと思います。また生成 AI で生成されたものには「生成 AI による生成物であるということが分かる印を分かりやすい箇所に必ず掲載しなければならない」というような処置も必要かと思います。４．関係者からの様々な懸念の声について私も漫画家・イラストレーターとして活動させていただいていますが、関係者や現場から確認作業の急増や嫌がらせの被害、それらによる作業の停滞や費用の増加、値下げ要求等を実感しております。現状ですとクリエイターは生成 AI を使用していないという証明も難しく、確認作業等にかかる時間と手間が増えるなどで実害が出ています。また実際には使用していないとしても「生成 AI っぽい」という理由でお客様からの問い合わせの増加、証明するための材料の確保、信用問題等、非常に大きな問題になっています。現状のままですと作業量の激増、新規参入者への不信感などで業務に大きな悪影響が出ていると非常に強く感じます。５．各論点について（１）学習・開発段階（２）生成・利用段階（３）生成物の著作物性について（４）その他の論点について生成 AI に関する適用範囲等の再整理は絶対に必要だと感じます。可能であるならば 1 度学習データをすべて破棄し、「学習許可の確認ができるもののみ学習しても良い」とするのが今後、安心出来る方法であると思います。生成 AI を扱う場合、特定の免許や資格、ライセンスといったものが必要とするべきかと思います。生成 AI で生成されたもの、生成 AI で生成されたものに人の手で加工を加えてたものに関しては「生成 AI による制作物である」と分かる表記を必須にするべきだと考えます。また生成 AI による生成物でのビジネスが発生するなどした場合、学習元となった制作物への使用料の支払い等が必要だと考えます。６．最後に生成 AI の技術自体は評価する場面もありますが、海賊版や児童ポルノ画像などの違法使用の疑い、利用者による嫌がらせや詐称による被害、クリエイターや各所関係者への負担の増加などの多さを見ると、非常に大きな問題を抱えた案件かと思います。AI の開発や利用によって生じた著作権侵害の事例・被疑事例はすでに数えきれないほどです。AI 技術の発展は望ましいですが、それによって多くの人に不利益や混乱、実被害があってはいけません。対等な立場での発展を望みます。諸外国における生成 AI への対応を見ても規制や制限、学習元になった著作物やクリエイターへの補填等がニュース等で見受けられるようになってきたように感じます。最後に個人的な生成 AI への印象による意見になってしまいますが、現状のままですと非常に悪影響が強いかと思います。AI 学習に対する違法性への疑い、人の創作物に対しての不信感、AI により模倣が増えることにより創作性・独創性の減少、創作に関わらない人によるクリエイター軽視の増長、全体の品質や信用問題に既に影響が強く出ていると感じますし、更に大きくなっていくと思います。どうか生成 AI の成立状況や現状の被害や問題を見つめ、多くの人が安心して創作物に向き合えるよう慎重な検討を何卒よろしくお願いいたします。,0.09279554410304536
46,181,364,生成 AI の一刻も早い法規制による使用停止を求めます。現在の生成 AI は著作権侵害の温床になっています。生成 AI の著作権について、現行法では作風が似ているだけなら著作権侵害にはあたらないため、特定個人の著作物を学習させた生成 AI は違法ではないという解釈をしました。またアイデア出しに生成 AI を使うだけ、明確な著作物にあたらないプロンプトを入力しただけなら侵害にはあたらないという認識もしました。では明確な著作物にあたらないプロンプトを入力しただけにも関わらず著作物が出力される状態についてご説明いただけませんでしょうか。アイデア出しとそうではない例の違いについてどのように線引きができますか？できないと思います。既に作風を意図的に真似された生成 AI によって商売に悪影響を及ぼし実害を受けているクリエイターが数多く存在しています。生成 AI をアイデア出しに使用した企業は軒並み否定され強い非難を受けている現状をご存知でしょうか。生成 AI はクリエイターを雇わずに金を浮かせたいだけの一部の人間だけがありがたがる歪なシステムです。諸外国では既に激しい法規制が敷かれ使用できない状態となっている悪意ある存在でしかありません。生成 AI には実在する人物の写真も無差別に取り込まれています。実在する人物にたまたまそっくりなポルノ写真が生成された時、顔が似ているだけで著作権は存在しないと言えるのでしょうか。ポルノ写真を生成した人間に悪意がないので実在する人物の評判を落としても問題はないと判断されるのでしょうか？イラストも声も文章もどの分野だろうと同じです。作風が声質が文章がたまたま似てしまっただけで著作権は存在しないというのはあまりにも暴論です。生成 AI は全く新しいアイデアをだす画期的なシステムではなく、今まで無数のクリエイターが築き上げてきた無数のアイデアのうちのどれかをそのまま出しているだけのただの検索エンジンです。生成 AI を推進し諸外国との差別化を測りたいようですが、法規制が進む中時代に逆行しているだけでしかありません。クリエイターの仕事を奪い、新たな物が生まれない環境を生みだし、日本の宝であるクリエイター産業を衰退させ、全てを最悪な方向に持っていく生成 AI を決して許さないでください。いちクリエイターとして生成 AI 使用停止レベルの強い法規制を望みます。,生成 AI は明確に著作権違反だとするべきです。完全に許諾を得た著作物のみを対象として学習した生成 AI であれば話は別ですが、そんなものはありません。また、生成 AI を利用してうまれたものを著作物として認めるかどうか、その線引きについてもなるべく詳細にかつ、厳しく判断していくべきだと考えます。今後に大きく関わる非常に重要な法律になっていくことは確かなので、中長期的に検討していくことには賛成します。,0.09389263108684331
47,464,946,そもそも著作権元が分からない画像を学習させて出力できるのは、おかしいことだと思いますし、規制するべきだと思います。生成 AI は文字や画像を読み込むだけなので、創造性はほとんど無いと思いますし、AI のみで画像を作成する人をクリエイターと呼ぶのはどうかと思います。また、生成 AI で画像作成する人たちの中には、学習させる画像の著作権を持っている絵描きさんに殺害予告したという人もいて、問題となっています。絵描きさんたちがたくさん努力して身につけた画力を、生成 AI に一瞬にして奪われ、それを利用して利益を得る行為がまかり通っていることはおかしいことだと思います。早く規制されることを願っています。,AI 生成画像はクリエイターである私の意欲を損失させています多数のクリエイターが人生をかけて獲た技術によって作成されたイラストを無断で利用している時点で著作権侵害にあたらないのが不思議でなりませんなぜ自分で一生懸命創り上げたものをデッサンの知識すら無いような他人に掠め取られなければないらないのでしょうか権利を侵害されているととても強く感じています一刻も早く対策が実施される事を望んでいます,0.09482402130986145
48,157,508,イラストの話になるのですが、AI で生成されたものは様々なオリジナル作品を単に混ぜて出力したもので、著作物の侵害にあたると思っています。こういったものを推進してるいる方は消費者に多いためか、生成 AI を推進した先に起きる問題についてあまり深く考えていないように見えます。先程言ったオリジナルの作者の侵害もそうですが、去年ニュースにもなったに岸田総理のディープフェイクなどもそうです。法もまともに整備せずに推し進めるようなことがあれば、こういったことが横行する無法地帯になりかねないと思います。最近では学習したイラストレーターのリストを公開するポストが X で話題になっていたり、クリップスタジオやワコムも生成 AI の件で揉めているのを見ると、多くのクリエイターは生成 AI に対し、良く思っていないのがわかると思います。クリエイターは時間を犠牲に様々なコンテンツを生み出し、日本の文化を支えています。消費者の目線ではなく、クリエイターの目線でこの問題を見ることができない限り、生成AI の使用を制限する方向に舵を切るべきだと思っています。,AI を用いて生成された創作物、特にイラスト分野において、「類似にとどまる」イラストが、すでに「クリエイターが本来持っていたはずの利益の可能性」を侵害する事件も発生しています。イラスト、音楽などの AI 生成物も、人がそこに手を加えれば著作権が発生してしまうのは、法律の性質上たしかに仕方ないことではありますが、このことは将来的にクリエイターにとって大きな損害をもたらすことになると思われます。生成 AI を用いたツールは発展し、さらに広がりすぎてしまったと考えられ、それに対してこの素案は少し生ぬるいように感じました。過激な意見にはなりますが、クリエイターの著作権に安全性が認められるまで、生成 AIを用いた出力ソフト（Stable Diffusion、Novel AI など）の全面禁止をしても良い段階にきてしまったのではないでしょうか。,0.09482879930402588
49,400,799,個人5 各論点について(2)生成・利用段階その他の論点ケこれは著作物の生成 AI への私的利用・教育機関での利用を従来の著作権と同じ様に制限されない文と解釈しましたが、それらの状況ではインターネットで著作者が記載する「AI学習禁止」などの言葉も無視してその著作者の著作物を生成 AI に活用することが可能ということでしょうか？この著作者の言葉は学校の校則等と同じ様に他者の行動を制限できないのしょうか？また著作物を利用し AI が生成した物は、従来の著作権の二次的著作物として扱えない物なのでしょうか？二次的著作物は著作物から創作される著作物のはずです。AI が個人、又は複数人の著作物を元にして生み出したものは二次的著作物からそう外れた物ではないと考えます。また、二次的著作物は作成・利用において著作者の許諾が必要とあります。今回の案で生成 AI は二次的著作物より緩くされているように見えます。これらの違いはどこにあるのでしょうか？,・「AI と著作権に関する考え方について（素案）」、5-3(生成物の著作権性について)、および 5-4(その他の論点について)そもそも、現状の生成 AI、特に画像生成 AI の個人利用について、「非享受目的に該当する場合」の方が稀である事実を問題点として強く認識していただきたい。その上で、本項について、加筆などの有無に関わらず、著作権保持者の許可を得ない学習によって生成された AI 生成物へは創作性の一切を認めない、としなければ、クリエイターの利益は損なわれていくばかりである。一例として SNS「X」に投稿された被害を、外部リンクとして挙げる。アカウントの所有者は、ゲーム「刀剣乱舞」などを発表した株式会社ニトロプラスなどの案件を受けるイラストレーターである。本来絵画(記号、または図解を目的としない画像)の閲覧と感情の享受は切り離せるものではない。クリエイターに画像の作成を依頼することについて、依頼者側としては「この作者であれば自分のアイデアを実現してくれる」と考え、また最終的な受け手に「この作者の画風、作風が好きだ」という感情を喚起させる意図がある。しかし、例に挙げたとおり、金銭の授受が発生する／しないに関わらず、現在、画像生成AI 利用者は、消費者が特定の作者の作品から享受する感情を自分の生成物、ひいては自分へ向けることを目的としている。そこで画像生成 AI の利用者が逃げ口上として使用するのが、「創作的表現といえる加筆・修正」という、極めて曖昧な基準である。例に挙げたように、現状で生成 AI の利用者の施す加筆・修正とは「いかに誰かの作風に近づけるか」というものであり、他者に感情を享受させることが目的であることに変わりはない。なお、そもそもクリエイターとは、作者の代表となり得る独自の作風・画風以外にも、複数の作風・表現を扱えるものである。そのため、いかに AI 生成物に加筆・修正を加えようと、それが生成 AI の利用者の独自性を証明できる創作的表現が行われたと証明することはできない。つまり、加筆・修正の有無に関わらず、AI によって生成された画像に創作性を認める理由にはならないのだ。勿論、それにより金銭を得ることは、明確な著作者の利益を損害していることになる。この素案からは「日本にクリエイター、特にイラストレーター、画家は要らない。新しい作風など要らない。これまでの日本でやっていける」というクリエイターと、サブカルチャー市場をへの軽視しか読み取れるものが無い。流行は移り変わるものであり、流行とはクリエイターの表現(個性・作風)の発表によって発生するものである。しかし、現在のように発表者の利益が損なわれ続けるのであれば、クリエイターはもっと厳しく生成 AI への制限が設けられた国へ所属する方が良いし、日本で作品を発表することは無くなっていく。そうなれば、国内の生成 AI に残っていくのは、流行りに乗り遅れた学習データのみである。国内のクリエイター、イラストレーターの活動を国益に活用するのであれば、特にクールジャパン戦略を今後も続けようと考えるのであれば、いっそ研究目的以外の生成 AI の利用の一切を禁じた方が遥かにマシだ。,0.09542629726921603
